method,substeps,dt,scenario,delta,dtype,status,first_failure_time,completed_steps,completed_time,forward_seconds,diagnostic_wall_seconds,min_determinant,min_variance,nonfinite_modes,nonpositive_diagonals,uncertainty_violations,n_x,n_x_sem,heating_residual_x,n_y,n_y_sem,heating_residual_y,n_z,n_z_sem,heating_residual_z,comparison_time,trajectory_mean_rms,terminal_mean_rms,covariance_rms,covariance_max_abs,Vxx_max_abs,Vpp_max_abs,Cxp_max_abs,paired_n_x,paired_n_x_sem,paired_n_y,paired_n_y_sem,paired_n_z,paired_n_z_sem,role,reference_valid,reference_trajectory_mean_rms,reference_covariance_max_abs,trajectory_error_above_reference_floor,benchmark_status,bptt_duration,bptt_forward_seconds,backward_seconds,bptt_total_seconds,bptt_finite,peak_process_rss_bytes,peak_cuda_allocated_bytes
platen,128,7.8125e-05,no_feedback,0.01,float64,ok,,256000,20.0,180.00523507007165,505.2703848800156,2.401099147642501,1.5407779276573998,0,0,0,6.044136890369687,0.072756035686114,0.044136890369687265,6.014387046305717,0.06830446211749287,0.014387046305716744,6.042687272387173,0.07264590608298357,0.04268727238717318,20.0,0.0002174420899056454,0.00024259610652723918,5.281379460485115e-08,1.8852491212584255e-07,1.8852491212584255e-07,1.8711978722052436e-07,1.8724867434372072e-07,-2.2955281625684236e-05,8.679547836277334e-06,-9.085325911106414e-07,8.181458614800892e-06,2.5267658980779493e-06,2.241536021609532e-06,reference_halving_check,,,,,,,,,,,,
platen,256,3.90625e-05,no_feedback,0.01,float64,ok,,512000,20.0,355.24465650398633,793.6304682519985,2.4010991475145493,1.540777926336828,0,0,0,6.04415984565132,0.07275691385850327,0.04415984565132014,6.014387954838304,0.06830374262112775,0.014387954838303685,6.04268474562127,0.07264610299782724,0.042684745621270004,,,,,,,,,,,,,,,finer_reference,,,,,,,,,,,,
euler_maruyama,1,0.01,no_feedback,0.01,float64,nonfinite,11.4,1791,17.900000000000002,1.1680083198589273,198.95637960298336,-6.304320991423117e+116,,1280,3034880,5402880,-4.028408471007642e+252,,-4.028408471007642e+252,82.57799312249739,1.014169842630759,76.6829931224974,6.855773377025679,0.0813677822429838,0.9607733770256788,17.900000000000002,5.974403657223466e+125,2.5283800508520517e+127,,1.1537154559892e+256,1.1537154559892e+256,7.721530654168022e+255,9.438458168370534e+255,-4.028408471007642e+252,,76.68202190444805,0.9551950408552037,0.9050009341055144,0.011623695891863373,candidate,True,0.0002174420899056454,1.8852491212584255e-07,True,,,,,,,,
euler_maruyama,2,0.005,no_feedback,0.01,float64,ok,,4000,20.0,2.093857622734504,224.3373208590201,2.3499421440722617,1.3666471147003045,0,0,0,34.66393022272157,0.43277334645136684,28.663930222721568,25.198872058418956,0.30086276312226984,19.198872058418956,6.544149749740002,0.07897503755706489,0.5441497497400016,20.0,1.7800548136138918,3.629730995234651,0.05079527774404561,0.1820224703792972,0.1777965780992119,0.1820224703792972,0.17396108630233081,28.619793332351886,0.3639575676939879,19.184485012113228,0.23592796546640066,0.5014624773528312,0.00647177135487066,candidate,True,0.0002174420899056454,1.8852491212584255e-07,True,,,,,,,,
euler_maruyama,4,0.0025,no_feedback,0.01,float64,ok,,8000,20.0,3.5527165430248715,227.79644605499925,2.399502040557809,1.5304402746013628,0,0,0,14.060827191154623,0.17338954597395453,8.060827191154623,12.043315863470438,0.14096588649090872,6.043315863470438,6.287672023061398,0.07573470551755034,0.28767202306139783,20.0,0.7334962509422311,1.4122798852671887,0.013708341006042506,0.03971008197077097,0.03971008197077097,0.0395762174703691,0.036466207987444016,8.01669030078493,0.10235181860320601,6.028928817164724,0.0741601502967424,0.24498475067422973,0.0031576766477488757,candidate,True,0.0002174420899056454,1.8852491212584255e-07,True,,,,,,,,
euler_maruyama,8,0.00125,no_feedback,0.01,float64,ok,,16000,20.0,6.324709561973577,232.99801470598322,2.4006575931148886,1.5404585811090392,0,0,0,9.135093580755244,0.11153954162520907,3.1350935807552442,8.454068517049523,0.09760976842156466,2.4540685170495227,6.163805205465698,0.07417390180219027,0.16380520546569777,20.0,0.33508759012505074,0.627669043808427,0.00572963025484637,0.01884755664332971,0.01874199931332221,0.01884755664332971,0.01723445818527927,3.090956690385561,0.03957357367955733,2.4396814707438086,0.030004230967698258,0.12111793307852949,0.0015633745345681733,candidate,True,0.0002174420899056454,1.8852491212584255e-07,True,,,,,,,,
euler_maruyama,16,0.000625,no_feedback,0.01,float64,ok,,32000,20.0,12.420342841942329,245.48016480798833,2.400909575433971,1.5406190588282556,0,0,0,7.411293591834224,0.08991346431786487,1.411293591834224,7.117519651497471,0.08153746072817993,1.1175196514974708,6.102905674406745,0.07340593230898654,0.10290567440674536,20.0,0.16036790355629452,0.2963994644839522,0.0026672974065221657,0.009201159693341232,0.009124478302319439,0.009201159693341232,0.008381395538105086,1.3671567014645332,0.017535017673878585,1.1031326051917567,0.013569065945276198,0.060218402019571564,0.0007776232764450687,candidate,True,0.0002174420899056454,1.8852491212584255e-07,True,,,,,,,,
euler_maruyama,32,0.0003125,no_feedback,0.01,float64,ok,,64000,20.0,24.276650635758415,272.8319416139857,2.4010094321029376,1.5406986926891943,0,0,0,6.688420605648084,0.08083627119268172,0.6884206056480844,6.539579033405626,0.07460273511373947,0.5395790334056256,6.072715533947975,0.0730248387203561,0.07271553394797525,20.0,0.07848530832236439,0.14410286326507485,0.0012912013425752686,0.004546357444983329,0.004518533577388517,0.004546357444983329,0.004133393834591079,0.6442837152783959,0.008264228478108607,0.5251919870999077,0.006462318708500897,0.030028261560806273,0.0003878200684930578,candidate,True,0.0002174420899056454,1.8852491212584255e-07,True,,,,,,,,
euler_maruyama,64,0.00015625,no_feedback,0.01,float64,ok,,128000,20.0,45.63925167080015,322.3806335509871,2.4010553341642855,1.540738359249468,0,0,0,6.356993662586495,0.07668058488547327,0.3569936625864951,6.270731066335047,0.07137594052013405,0.2707310663350473,6.057679076311897,0.07283533618027473,0.057679076311896615,20.0,0.038828710208290824,0.07105564519184446,0.0006357104667409132,0.002259801528229133,0.002248469447549084,0.002259801528229133,0.002052581535333921,0.3128567722168026,0.004015716404776787,0.2563440200293364,0.0031529059383248936,0.014991803924723582,0.0001938400207273893,candidate,True,0.0002174420899056454,1.8852491212584255e-07,True,,,,,,,,
platen,1,0.01,no_feedback,0.01,float64,ok,,2000,20.0,2.341272915917216,223.18192258899217,2.4010999714219934,1.540806697255278,0,0,0,6.056744296174234,0.072738566642628,0.05674429617423371,6.023845866876904,0.06832773103682051,0.023845866876904154,6.042944601312517,0.07268163687697045,0.04294460131251743,20.0,0.048627232729666306,0.07549729121395654,0.0011551636957729007,0.004130992766654629,0.004130992766654629,0.004095311354332942,0.0041001527041922,0.01260740580454583,0.0016062532490388102,0.009458820571191623,0.0013486106887329553,0.0002573289253431797,0.00031905205330777926,candidate,True,0.0002174420899056454,1.8852491212584255e-07,True,,,,,,,,
platen,2,0.005,no_feedback,0.01,float64,ok,,4000,20.0,3.97688648357871,225.9435405129916,2.4010995934182913,1.5407851289710461,0,0,0,6.045793361059952,0.07274901803949681,0.04579336105995235,6.0154321069802785,0.06828883833815774,0.015432106980278526,6.042899760624652,0.07264893408141547,0.042899760624652394,20.0,0.018546403347746696,0.02451539218422638,0.00028871981819000007,0.0010318852324866512,0.0010318852324866512,0.0010232395160132413,0.0010241399333142664,0.0016564706902578079,0.000678027147775053,0.0010450606745616032,0.0006406529318168667,0.00021248823747977523,0.0001555025307608639,candidate,True,0.0002174420899056454,1.8852491212584255e-07,True,,,,,,,,
platen,4,0.0025,no_feedback,0.01,float64,ok,,8000,20.0,6.895214625139488,229.63370185901294,2.4010992907161643,1.5407797278405333,0,0,0,6.044296770035931,0.07275098223384091,0.04429677003593113,6.014689374411618,0.06831704634881307,0.014689374411617884,6.042728742155887,0.07264380552773135,0.04272874215588729,20.0,0.008369001617011084,0.009876985000759864,7.209725115925603e-05,0.00025753396238670234,0.00025753396238670234,0.0002554043830418351,0.000255691872536129,0.0001598796662367769,0.0003274365928151352,0.00030232810589886464,0.00031213432187024095,4.146976871636338e-05,7.741857426814298e-05,candidate,True,0.0002174420899056454,1.8852491212584255e-07,True,,,,,,,,
platen,8,0.00125,no_feedback,0.01,float64,ok,,16000,20.0,12.997601526702056,237.88989086900256,2.4010991873439442,1.5407783765223477,0,0,0,6.044447974245449,0.0727583835463576,0.04444797424544866,6.014465580168262,0.06830080651250933,0.014465580168262271,6.042719142064743,0.0726459117160189,0.04271914206474303,20.0,0.0040445467708100135,0.004584034739841702,1.7964917178858703e-05,6.414988547387424e-05,6.414988547387424e-05,6.362333971221545e-05,6.370346695100393e-05,0.00031108387575745356,0.00016977507214368113,7.853386254606058e-05,0.00015234277065584635,3.1869677572458105e-05,3.870426524576565e-05,candidate,True,0.0002174420899056454,1.8852491212584255e-07,True,,,,,,,,
platen,16,0.000625,no_feedback,0.01,float64,ok,,32000,20.0,25.45089231763268,253.7452254309901,2.4010991579527676,1.54077803857007,0,0,0,6.0441233548951585,0.0727599885783637,0.044123354895158506,6.01440331085947,0.0683028906381207,0.01440331085947033,6.042705232868581,0.07264625581322141,0.04270523286858108,20.0,0.001990770525736447,0.002228964213853906,4.437375269244754e-06,1.5842319611714117e-05,1.5842319611714117e-05,1.5718625705929412e-05,1.573365687188022e-05,-1.3535474531833492e-05,8.959747364600301e-05,1.6264553754615017e-05,6.834348956220534e-05,1.796048140276065e-05,2.0880185327905745e-05,candidate,True,0.0002174420899056454,1.8852491212584255e-07,True,,,,,,,,
platen,32,0.0003125,no_feedback,0.01,float64,ok,,64000,20.0,48.39314327790635,287.39335081598256,2.401099150156398,1.5407779540671027,0,0,0,6.044204891196905,0.07275467256454064,0.044204891196905294,6.014382470045039,0.06830552026536418,0.014382470045038787,6.0427004515041975,0.07264607827330545,0.042700451504197545,20.0,0.0009738962108706379,0.0010849776589609336,1.0563853211788777e-06,3.77116237881836e-06,3.77116237881836e-06,3.742468372536223e-06,3.7454842583828363e-06,6.800082721545377e-05,4.132726999757936e-05,-4.576260675775605e-06,3.566043820346385e-05,1.3179117023466657e-05,9.540272868884443e-06,candidate,True,0.0002174420899056454,1.8852491212584255e-07,False,,,,,,,,
platen,64,0.00015625,no_feedback,0.01,float64,ok,,128000,20.0,90.66604383196682,351.4249678530032,2.4010991481509145,1.5407779329395141,0,0,0,6.0441560017952405,0.07275601389051799,0.044156001795240485,6.014400871629055,0.06830355584915981,0.014400871629055345,6.042692781513381,0.07264622441970948,0.04269278151338085,20.0,0.00043379761884948395,0.00048387611541414894,2.1126373948041412e-07,7.54151480819587e-07,7.54151480819587e-07,7.484852480033055e-07,7.4903445254626e-07,1.9111425550648563e-05,1.7969224432566214e-05,1.3825323338679984e-05,1.684541647147897e-05,5.509126209082631e-06,4.303865202182687e-06,candidate,True,0.0002174420899056454,1.8852491212584255e-07,False,,,,,,,,
platen,128,7.8125e-05,modulation_minus,0.01,float64,ok,,256000,20.0,177.6290289348981,496.555190649,2.4706063066988313,1.4888429147097135,0,0,0,6.031655426951048,0.07084344070136268,,5.961292314825515,0.06856373592688568,,6.006748167223432,0.07211996295218134,,20.0,0.00020547453447292087,0.00022982190758051314,6.341567763757317e-08,2.3765679557641306e-07,2.3765679557641306e-07,2.1303797126392965e-07,2.2436263610869922e-07,-4.872760479693713e-06,8.800094799259961e-06,5.692846133120872e-06,7.784785452840784e-06,3.649431067380499e-06,2.104532171385388e-06,reference_halving_check,,,,,,,,,,,,
platen,256,3.90625e-05,modulation_minus,0.01,float64,ok,,512000,20.0,349.67362252867315,779.4215120439767,2.470606306191541,1.4888428948988681,0,0,0,6.031660299711528,0.07084406838721356,,5.96128662197938,0.06856353221989023,,6.006744517792364,0.07212013043712641,,,,,,,,,,,,,,,,finer_reference,,,,,,,,,,,,
euler_maruyama,1,0.01,modulation_minus,0.01,float64,nonfinite,11.85,1922,19.21,1.242499036132358,211.13409039800172,-1.8607071341967536e+137,,1280,3485440,6141440,6.966400583899618e+293,,,75.49478594762535,0.9289341077234284,,6.828701428611363,0.08139844774092611,,19.21,2.5335223749548327e+146,1.1107119280034137e+148,,2.5354036818132588e+297,2.5354036818132588e+297,1.1517064780461238e+297,1.7088127003291856e+297,6.966400583899618e+293,,69.56094581653262,0.866220546681933,0.874194199548018,0.011172358135397893,candidate,True,0.00020547453447292087,2.3765679557641306e-07,True,,,,,,,,
euler_maruyama,2,0.005,modulation_minus,0.01,float64,ok,,4000,20.0,2.0461663948372006,221.26610480199452,2.4171516015618235,1.3280757399039018,0,0,0,28.613545251515674,0.3583150200228263,,21.38320138247041,0.25686612916646984,,6.4495695212862,0.07769154038012131,,20.0,1.5280568179462344,3.0807329965483112,0.05686429540099439,0.19254776635927517,0.19254776635927517,0.1701980134727541,0.17405117345245993,22.581889824564627,0.2903950683353195,15.421909067644886,0.19082706161837112,0.44282135406276335,0.005700413343203311,candidate,True,0.00020547453447292087,2.3765679557641306e-07,True,,,,,,,,
euler_maruyama,4,0.0025,modulation_minus,0.01,float64,ok,,8000,20.0,3.4163592194672674,225.55401910300134,2.4682800490497936,1.4703802547249203,0,0,0,12.815370020218676,0.156631988366099,,11.082421289823307,0.13089057702528162,,6.223601744343703,0.07484792010256996,,20.0,0.6435379495195744,1.2328308340233651,0.016798017337075952,0.052101440070521754,0.052101440070521754,0.04676440791981218,0.04565852846790326,6.783714593267635,0.08708463125800284,5.1211289749977835,0.06345314056600766,0.2168535771202713,0.002789602751240261,candidate,True,0.00020547453447292087,2.3765679557641306e-07,True,,,,,,,,
euler_maruyama,8,0.00125,modulation_minus,0.01,float64,ok,,16000,20.0,6.165118201897712,229.72089015002712,2.4699501739954006,1.4840171335745875,0,0,0,8.724992546323422,0.10479436983465847,,8.082824225321723,0.09433193455266363,,6.114096272891704,0.07346930092215141,,20.0,0.2968127080017494,0.5548305377844015,0.007130216190330534,0.02469519296441458,0.02469519296441458,0.022299887703186805,0.021690915518189486,2.6933371193723694,0.03455628634079137,2.121531910496209,0.02629498669862411,0.10734810566826862,0.0013808696003505914,candidate,True,0.00020547453447292087,2.3765679557641306e-07,True,,,,,,,,
euler_maruyama,16,0.000625,modulation_minus,0.01,float64,ok,,32000,20.0,12.135593584767776,243.20633009099402,2.47032995560324,1.4870905467892217,0,0,0,7.239042845672666,0.08603701538615045,,6.930921706260273,0.08033604110839296,,6.0601551204157795,0.07279167833869808,,20.0,0.14270892051556294,0.2635879612745387,0.00333381929428855,0.012027347250380238,0.012027347250380238,0.010905699450987072,0.010575121301751037,1.2073874187216151,0.01548478992703419,0.9696293914347565,0.012025243024107977,0.053406953192348394,0.0006873712263181619,candidate,True,0.00020547453447292087,2.3765679557641306e-07,True,,,,,,,,
euler_maruyama,32,0.0003125,modulation_minus,0.01,float64,ok,,64000,20.0,23.52480999630643,267.5372701949964,2.470477016078344,1.488075623086992,0,0,0,6.604133321512378,0.07804348118789613,,6.425308236140149,0.07420007027439501,,6.033383819614324,0.07245540075725004,,20.0,0.06999359085036419,0.12851617399818346,0.0016165255170710853,0.0059358333257675255,0.0059358333257675255,0.005393235240370053,0.005221686731893233,0.5724778945613234,0.007342478256033103,0.46401592131463604,0.00576051907646821,0.026635652390892942,0.00034324107346353364,candidate,True,0.00020547453447292087,2.3765679557641306e-07,True,,,,,,,,
euler_maruyama,64,0.00015625,modulation_minus,0.01,float64,ok,,128000,20.0,43.97930140446988,315.9050449569768,2.4705435336428,1.4884806152536858,0,0,0,6.310506127473634,0.07434895591462728,,6.188337748246107,0.07132019395927701,,6.020046654109648,0.07228751525782642,,20.0,0.03466621579602698,0.06346204716698074,0.0007964549219899429,0.002948732291590872,0.002948732291590872,0.0026818972634661264,0.0025945892334100253,0.2788507005225832,0.0035764994823738083,0.22704543342058486,0.0028181098923043954,0.013298486886212576,0.0001714757182431823,candidate,True,0.00020547453447292087,2.3765679557641306e-07,True,,,,,,,,
platen,1,0.01,modulation_minus,0.01,float64,ok,,2000,20.0,2.2443736014247406,218.85830808099126,2.4706139343199838,1.4891536309552256,0,0,0,6.045464100662947,0.07094929616351944,,5.969608536834737,0.06860945007402161,,6.007095485853926,0.07215772179115675,,20.0,0.043286552208604,0.06580172968683408,0.0013870902028414198,0.005202230529617324,0.005202230529617324,0.004657199990558247,0.004919416311237157,0.013808673711901602,0.001396286812550541,0.008316222009221616,0.0011790851091210556,0.00034731863049814983,0.0003057890115985623,candidate,True,0.00020547453447292087,2.3765679557641306e-07,True,,,,,,,,
platen,2,0.005,modulation_minus,0.01,float64,ok,,4000,20.0,3.7982761639286764,222.10516684598406,2.4706086311408724,1.4889501960394451,0,0,0,6.0340523373169646,0.07089314098871857,,5.962569996579995,0.06856105969165631,,6.006894325878553,0.07212051154974855,,20.0,0.017087777040329304,0.02209763235118092,0.0003466701795571909,0.0012987540201585546,0.0012987540201585546,0.0011636150848799431,0.0012283274029880054,0.0023969103659177236,0.000638056108243058,0.001277681754476151,0.0005451760166071499,0.00014615865512373447,0.00015131666192625448,candidate,True,0.00020547453447292087,2.3765679557641306e-07,True,,,,,,,,
platen,4,0.0025,modulation_minus,0.01,float64,ok,,8000,20.0,6.648851150937844,226.34197686301195,2.4706069430269624,1.4888695921232757,0,0,0,6.03232878909945,0.07087400229779878,,5.962122121805875,0.0685691044765278,,6.006749731932132,0.07211879774248743,,20.0,0.007852760231114513,0.009210201308780577,8.656763973309549e-05,0.00032428648355864453,0.00032428648355864453,0.00029070668406028233,0.0003065168765746251,0.0006733621484011229,0.00030870087965247203,0.0008298069803533255,0.00028465817801914605,1.5647086995400326e-06,7.52669734916834e-05,candidate,True,0.00020547453447292087,2.3765679557641306e-07,True,,,,,,,,
platen,8,0.00125,modulation_minus,0.01,float64,ok,,16000,20.0,12.2790336223552,231.74842509801965,2.4706064724367023,1.4888495950497025,0,0,0,6.031843039838344,0.07084995923072819,,5.961523678235293,0.0685510412501059,,6.006766522871469,0.07211845879585836,,20.0,0.0038098316480734353,0.00432131687375923,2.1570789292284727e-05,8.08229590196774e-05,8.08229590196774e-05,7.24525017732347e-05,7.634716703805444e-05,0.0001876128872915931,0.0001496802695635237,0.00023136340977560456,0.00013546871855844514,1.8355648037418062e-05,3.771291989041754e-05,candidate,True,0.00020547453447292087,2.3765679557641306e-07,True,,,,,,,,
platen,16,0.000625,modulation_minus,0.01,float64,ok,,32000,20.0,23.992673881555675,247.26409850799246,2.4706063485320158,1.4888445716559773,0,0,0,6.031723375535287,0.070841137857963,,5.961354879051163,0.06855776891770976,,6.006761677414302,0.07211963928211615,,20.0,0.0018760965781877395,0.002106991899688178,5.328081222710283e-06,1.9965731944182608e-05,1.9965731944182608e-05,1.7897740938188633e-05,1.8854145604374484e-05,6.794858423383444e-05,8.138798160464404e-05,6.256422564628722e-05,6.68061048122901e-05,1.3510190870363263e-05,2.012169031374966e-05,candidate,True,0.00020547453447292087,2.3765679557641306e-07,True,,,,,,,,
platen,32,0.0003125,modulation_minus,0.01,float64,ok,,64000,20.0,45.89063570048893,280.6843478210212,2.4706063167634666,1.4888433101408163,0,0,0,6.031667453742152,0.07084269621173651,,5.961320473374434,0.06856434084380593,,6.006754627560308,0.0721202236600124,,20.0,0.0009183058261061972,0.001026693920881448,1.2684386683705846e-06,4.7534180636077394e-06,4.7534180636077394e-06,4.2610406110199506e-06,4.488069091201918e-06,1.2026791100712678e-05,3.7563693307332564e-05,2.8158548915391758e-05,3.413954857333293e-05,6.460336873053419e-06,8.790771804056682e-06,candidate,True,0.00020547453447292087,2.3765679557641306e-07,False,,,,,,,,
platen,64,0.00015625,modulation_minus,0.01,float64,ok,,128000,20.0,87.7613428956247,347.34303314299905,2.470606308721701,1.4888429938910541,0,0,0,6.031660752936372,0.07084254305431804,,5.9613142778162675,0.06856306025080622,,6.006748909649755,0.07212013803367974,,20.0,0.0004094387177640439,0.0004582116700525181,2.5367249579964486e-07,9.50649450714991e-07,9.50649450714991e-07,8.521741552414142e-07,8.975139742795069e-07,5.325985320372059e-06,1.6853857271469456e-05,2.1962990747749314e-05,1.63640048457631e-05,7.424263226345372e-07,3.980615605145002e-06,candidate,True,0.00020547453447292087,2.3765679557641306e-07,False,,,,,,,,
platen,128,7.8125e-05,modulation_plus,0.01,float64,ok,,256000,20.0,180.76004042572458,501.10504831999424,2.3450231967239605,1.4574152162643703,0,0,0,6.045508180477103,0.07154299697069538,,6.102470579543303,0.07341554554323672,,6.108467578449205,0.07333165740259918,,20.0,0.0002293510757902837,0.0002558562553364727,7.140135764906147e-08,2.761376052262676e-07,2.535041163653773e-07,2.761376052262676e-07,2.6336100197865697e-07,6.4617585870489995e-06,9.05529021044677e-06,-9.851638284721347e-07,8.678099812950042e-06,9.674164416069604e-07,2.356052744346571e-06,reference_halving_check,,,,,,,,,,,,
platen,256,3.90625e-05,modulation_plus,0.01,float64,ok,,512000,20.0,357.5982217262208,789.3059070669988,2.345023196298947,1.4574152084285363,0,0,0,6.045501718718514,0.07154238769397296,,6.102471564707134,0.07341491167342847,,6.108466611032772,0.07333177889385564,,,,,,,,,,,,,,,,finer_reference,,,,,,,,,,,,
euler_maruyama,1,0.01,modulation_plus,0.01,float64,nonfinite,9.39,1520,15.19,0.9546785898273811,167.13484001898905,-1.1692013098647223e+49,,1280,2897920,4961280,1.586113515596376e+236,,,66.27893102926045,0.8537890902112109,,6.69309195298611,0.08108491487520919,,15.19,1.7452933401469472e+117,6.804406103110805e+118,,9.897640005897366e+238,9.897640005897366e+238,3.67512001579883e+238,6.031170275729634e+238,1.586113515596376e+236,,60.45408861134312,0.7902340658361946,0.8188617459050259,0.010736260342353292,candidate,True,0.0002293510757902837,2.761376052262676e-07,True,,,,,,,,
euler_maruyama,2,0.005,modulation_plus,0.01,float64,ok,,4000,20.0,2.0078772470296826,221.46544090498355,2.2009376985369693,1.17679090262476,0,0,0,42.01428980176067,0.5209575095942189,,29.872263027259926,0.37821010514430137,,6.670819786301342,0.08046689775650874,,20.0,2.05630280310404,4.23866796395216,0.0758492979956874,0.32940049717439335,0.29093233792661644,0.32940049717439335,0.3020717699532553,35.96878162128359,0.4535655640401359,23.769792447716608,0.30817434862099957,0.5623522078521317,0.007289232862201163,candidate,True,0.0002293510757902837,2.761376052262676e-07,True,,,,,,,,
euler_maruyama,4,0.0025,modulation_plus,0.01,float64,ok,,8000,20.0,3.3947748300270177,225.31545008101966,2.342544284405942,1.436472393014739,0,0,0,15.41119111763795,0.18814058742539327,,13.16415691672194,0.16351052555035567,,6.382555516562134,0.07680344446903188,,20.0,0.8281378339984578,1.6016008597924423,0.018134334443522117,0.05578625027367057,0.050799185255928414,0.05578625027367057,0.04930581952593563,9.36568293716086,0.11839270343542198,7.0616863371786245,0.09160595273278258,0.27408793811292137,0.0035467928209829045,candidate,True,0.0002293510757902837,2.761376052262676e-07,True,,,,,,,,
euler_maruyama,8,0.00125,modulation_plus,0.01,float64,ok,,16000,20.0,6.2223160338180605,230.3254372359952,2.3444762205224006,1.4523923593864305,0,0,0,9.5479309140878,0.11509350894320246,,8.893205838291642,0.1089357368230991,,6.243825321237715,0.07504807843969553,,20.0,0.37454772746750825,0.7026169957377806,0.007414913743579926,0.026421340121177472,0.023830564632378426,0.026421340121177472,0.02318868566722277,3.5024227336106972,0.044377202908484355,2.790735258748328,0.0362305988322212,0.13535774278850837,0.0017548478713624905,candidate,True,0.0002293510757902837,2.761376052262676e-07,True,,,,,,,,
euler_maruyama,16,0.000625,modulation_plus,0.01,float64,ok,,32000,20.0,12.103276135167107,242.46898789599072,2.3448026933992168,1.4556693984688762,0,0,0,7.574062580385538,0.0905399185541976,,7.350893770737915,0.08928443459453965,,6.175728166016576,0.0741857182242337,,20.0,0.17843965269440534,0.3298122326041636,0.0034284344613613273,0.01286347303961577,0.011622846698534417,0.01286347303961577,0.011250055563868613,1.5285543999084366,0.01939190228355304,1.2484231911946084,0.016212141678488654,0.06726058756736804,0.0008731035795482335,candidate,True,0.0002293510757902837,2.761376052262676e-07,True,,,,,,,,
euler_maruyama,32,0.0003125,modulation_plus,0.01,float64,ok,,64000,20.0,23.456268246431137,272.1342190509895,2.3449211784102637,1.456735934686534,0,0,0,6.761227279446978,0.0804334415269578,,6.693860939390345,0.08093155595523087,,6.14199936721633,0.07375670493460723,,20.0,0.08713756197983694,0.15988172914609852,0.001655063708873224,0.006347415659782918,0.00574909254735001,0.006347415659782918,0.005541543670320184,0.715719098969874,0.009083991098413078,0.5913903598470398,0.007684059672082449,0.03353178876711857,0.0004348495194016211,candidate,True,0.0002293510757902837,2.761376052262676e-07,True,,,,,,,,
euler_maruyama,64,0.00015625,modulation_plus,0.01,float64,ok,,128000,20.0,44.317984793538926,320.5938851980027,2.34497385382937,1.4571032948884979,0,0,0,6.391991823874096,0.07584867472461367,,6.390376297307157,0.07707468598957729,,6.125205603031722,0.07354422999546523,,20.0,0.04305798066167176,0.0787201501729944,0.0008138266531659758,0.0031529423945402257,0.002859164136543413,0.0031529423945402257,0.002751487704167055,0.3464836433969922,0.004400700980842767,0.28790571776384455,0.0037424337622296395,0.016738024582511005,0.00021739931049101821,candidate,True,0.0002293510757902837,2.761376052262676e-07,True,,,,,,,,
platen,1,0.01,modulation_plus,0.01,float64,ok,,2000,20.0,2.2237192410684656,219.3348566640052,2.345029218612091,1.4576063553975205,0,0,0,6.061858261657015,0.07176513265003862,,6.114531850344536,0.07365598471155847,,6.108639554938295,0.07335501216437908,,20.0,0.054258164579596674,0.0857828916794627,0.00156162985259847,0.006061780314591481,0.005544682728229944,0.006061780314591481,0.005773903969590238,0.01635008117991178,0.0017831709171628306,0.012061270801226102,0.0013604685690851864,0.0001719764890793344,0.00032946300822718787,candidate,True,0.0002293510757902837,2.761376052262676e-07,True,,,,,,,,
platen,2,0.005,modulation_plus,0.01,float64,ok,,4000,20.0,3.7521187382226344,222.58002019900596,2.3450251065203687,1.4574572172978202,0,0,0,6.046986529800803,0.07157507589742874,,6.103070857136422,0.07343050287860417,,6.108695429496304,0.07333676395458348,,20.0,0.02004350918429386,0.02702591881458785,0.0003903353989931011,0.0015120412740872169,0.0013863012357839821,0.0015120412740872169,0.0014409605954889826,0.0014783493237015832,0.0007646924623145559,0.0006002775931099306,0.0007213980676821679,0.00022785104709536488,0.0001619643765249301,candidate,True,0.0002293510757902837,2.761376052262676e-07,True,,,,,,,,
platen,4,0.0025,modulation_plus,0.01,float64,ok,,8000,20.0,6.578797335299896,227.08772983402014,2.345023725340956,1.4574256085562804,0,0,0,6.0456163607400795,0.07153363669476859,,6.102063582418472,0.07342352771193136,,6.108515052978272,0.07332827386051827,,20.0,0.008896808640932799,0.010630271997555807,9.74736051068271e-05,0.0003772912555888297,0.0003461508550799408,0.0003772912555888297,0.00035943382335054674,0.00010818026297755954,0.00036713570964175653,-0.00040699712483578915,0.00036173834278373164,4.7474529064356954e-05,8.248202668622123e-05,candidate,True,0.0002293510757902837,2.761376052262676e-07,True,,,,,,,,
platen,8,0.00125,modulation_plus,0.01,float64,ok,,16000,20.0,13.003019181312993,230.75368549500126,2.3450233350474314,1.457417832980174,0,0,0,6.045311724705109,0.07153528729444518,,6.102261325516712,0.0734109703991022,,6.1085134624285,0.07333218185548106,,20.0,0.004274229855389098,0.004847604150692065,2.4287980979846982e-05,9.397115119114119e-05,8.624319842365225e-05,9.397115119114119e-05,8.95702046187774e-05,-0.00019645577198986613,0.00016365589607372823,-0.00020925402660017185,0.00017024538928284686,4.5883979290204823e-05,3.992819484907127e-05,candidate,True,0.0002293510757902837,2.761376052262676e-07,True,,,,,,,,
platen,16,0.000625,modulation_plus,0.01,float64,ok,,32000,20.0,24.976098240178544,247.44977487099823,2.3450232317113944,1.4574158683269185,0,0,0,6.04538604867472,0.07153963341064605,,6.102378560055421,0.07340863153410786,,6.108494177345703,0.07333312733963519,,20.0,0.0021035877876339182,0.0023584597026111947,5.999143888660997e-06,2.320573668601611e-05,2.1300748644037526e-05,2.320573668601611e-05,2.21258980841188e-05,-0.00012213180238241806,8.773567232528396e-05,-9.201948788545552e-05,8.19693806934435e-05,2.6598896491164522e-05,2.0937791929494356e-05,candidate,True,0.0002293510757902837,2.761376052262676e-07,True,,,,,,,,
platen,32,0.0003125,modulation_plus,0.01,float64,ok,,64000,20.0,45.901392039464554,280.40614145001746,2.345023205149959,1.457415372306743,0,0,0,6.045469247355661,0.07153959699736977,,6.102453769683404,0.07341438881975436,,6.1084871664681035,0.07333175174871838,,20.0,0.0010315235211272953,0.00115333600519568,1.428181452580678e-06,5.523835929110987e-06,5.070771314841238e-06,5.523835929110987e-06,5.267614060583403e-06,-3.893312144299251e-05,4.420649971128675e-05,-1.6809859906906814e-05,3.9446884115815465e-05,1.9588018891248943e-05,9.913020181128695e-06,candidate,True,0.0002293510757902837,2.761376052262676e-07,False,,,,,,,,
platen,64,0.00015625,modulation_plus,0.01,float64,ok,,128000,20.0,87.74880643034703,347.3535490479844,2.3450231984182883,1.457415247554534,0,0,0,6.045477377283926,0.07154336647301561,,6.102446770011287,0.07341568433023589,,6.108475650842762,0.07333208608985362,,20.0,0.0004593844330591006,0.0005127205643897854,2.856175250287775e-07,1.1046349595034144e-06,1.0140703112782035e-06,1.1046349595034144e-06,1.0534752531987657e-06,-3.080319317800467e-05,2.0284182562540898e-05,-2.3809532021369558e-05,1.96703248339882e-05,8.072393554100258e-06,4.540454317567792e-06,candidate,True,0.0002293510757902837,2.761376052262676e-07,False,,,,,,,,
platen,128,7.8125e-05,seeded_policy,0.01,float64,ok,,256000,20.0,274.6819744987879,593.2190084900067,2.3891327980688777,1.3300076220476615,0,0,0,6.20437298780541,0.07427572338673097,,6.0982273410675765,0.07071043061813498,,6.055121841755946,0.07254037979481684,,20.0,0.00021935198807404395,0.00024629644715922427,6.546429286261416e-06,7.276980914561193e-05,7.276980914561193e-05,6.906162757580603e-05,5.4629902462688396e-05,-1.9720085235945927e-05,8.98959815059872e-06,-1.2375582445811251e-06,8.752899361464721e-06,2.492789750315212e-06,2.281094487352716e-06,reference_halving_check,,,,,,,,,,,,
platen,256,3.90625e-05,seeded_policy,0.01,float64,ok,,512000,20.0,546.3248825887276,977.3550809019944,2.3891323624444967,1.3300167933048914,0,0,0,6.204392707890641,0.07427634075737687,,6.098228578625826,0.07070952262247861,,6.055119348966195,0.07254055744656862,,,,,,,,,,,,,,,,finer_reference,,,,,,,,,,,,
euler_maruyama,1,0.01,seeded_policy,0.01,float64,nonfinite,7.92,1389,13.88,1.8862837727065198,152.74416616902454,-1.0830740992659433e+127,,1,635195,1579341,2.786584117161078e+273,,,41.38117178094449,0.518449062333665,,6.431902381602995,0.07517838398281358,,13.88,2.2373566414575592e+135,8.338469419115317e+136,,1.8067872359025512e+278,1.8067872359025512e+278,1.498020046394318e+277,5.202502762086149e+277,2.786584117161078e+273,,35.6240487008682,0.456651412151603,0.6459074037009818,0.008339609080466635,candidate,True,0.00021935198807404395,7.276980914561193e-05,True,ok,0.1,0.025034808000782505,0.026132380997296423,0.05116718899807893,True,3719815168,
euler_maruyama,2,0.005,seeded_policy,0.01,float64,covariance_failure,17.03,4000,20.0,3.886949596606428,222.64907398601645,-0.5209485931980973,-0.18121686350794444,0,46,1633,35.59286010280819,0.4473152976323236,,25.610122665836585,0.31151191685129664,,6.558017578089112,0.07888758727276501,,20.0,1.800355680778111,3.678246558223968,0.08062432355359633,1.5404423909698948,1.445652006714804,1.5404423909698948,1.2694077002121102,29.388487115002764,0.3773467399952551,19.511895324769025,0.24424668284917425,0.5028957363331701,0.00654182105964107,candidate,True,0.00021935198807404395,7.276980914561193e-05,True,ok,0.1,0.044331815995974466,0.04361820800113492,0.08795002399710938,True,3719815168,
euler_maruyama,4,0.0025,seeded_policy,0.01,float64,ok,,8000,20.0,6.095886369032087,226.69807865499752,2.1704004727084274,1.0809539763480156,0,0,0,14.441787230243412,0.17828898524635825,,12.226145562778687,0.14602276988567459,,6.300633638701242,0.07562510296256464,,20.0,0.7415598977346738,1.4312428054823005,0.023333652734816898,0.27169542089879606,0.27169542089879606,0.2643211621361914,0.24830904922891106,8.237414242438007,0.10588596997930019,6.127918221711111,0.07683070671632414,0.24551179694530173,0.0031827459650627193,candidate,True,0.00021935198807404395,7.276980914561193e-05,True,ok,0.1,0.08206200299900956,0.08355684200068936,0.16561884499969892,True,3719815168,
euler_maruyama,8,0.00125,seeded_policy,0.01,float64,ok,,16000,20.0,10.199583713139873,234.18988696302404,2.3339308890526373,1.2473512648633653,0,0,0,9.381423680979543,0.11431704817399133,,8.577482334385445,0.10110245280831845,,6.176500360637506,0.07406478832866459,,20.0,0.3387088198817673,0.6361270239728938,0.009831170323219873,0.09679874992096638,0.09679874992096638,0.09276325274622388,0.09050017678290001,3.177050693174135,0.04090350273595743,2.4792549933178614,0.03109819934880011,0.12137851888156381,0.0015746922772774976,candidate,True,0.00021935198807404395,7.276980914561193e-05,True,ok,0.1,0.15940847899764776,0.16268862099968828,0.32209709999733604,True,3719815168,
euler_maruyama,16,0.000625,seeded_policy,0.01,float64,ok,,32000,20.0,19.28187765943585,249.0241693429998,2.3686550193227958,1.2975630518388537,0,0,0,7.609869105123999,0.09197468400257629,,7.219153829078619,0.08443602879861827,,6.11547416018792,0.07329835782863792,,20.0,0.1620885934761439,0.3004001219005241,0.004577016627007255,0.04427353313358129,0.04427353313358129,0.04218211050470577,0.04047547949851643,1.4054961173185836,0.018110931478471627,1.1209264880110388,0.01406469374884593,0.06035231843197356,0.0007826319339104772,candidate,True,0.00021935198807404395,7.276980914561193e-05,True,ok,0.1,0.3022124349954538,0.31642456201370806,0.6186369970091619,True,3719815168,
euler_maruyama,32,0.0003125,seeded_policy,0.01,float64,ok,,64000,20.0,37.0192624014453,280.7836489560141,2.3802399529992893,1.3176111704946598,0,0,0,6.866759461671104,0.08260841683154552,,6.631873680562203,0.0772437229869015,,6.085216224915606,0.07291806545055701,,20.0,0.07932404399860297,0.14604712240566506,0.0022143570547498354,0.021206642008920085,0.021206642008920085,0.020130989982903413,0.019268071921060614,0.6623864738656947,0.00853352512149424,0.5336463394946273,0.006698870742878464,0.030094383159659836,0.0003902004968055067,candidate,True,0.00021935198807404395,7.276980914561193e-05,True,ok,0.1,0.5933939759852365,0.6280506680195685,1.221444644004805,True,3719815168,
euler_maruyama,64,0.00015625,seeded_policy,0.01,float64,ok,,128000,20.0,69.33925054781139,339.02088128900505,2.384979353872678,1.3238772627147215,0,0,0,6.5260213749478195,0.07832182901007441,,6.358696842228302,0.07389721692769374,,6.07014612406974,0.07272917533958342,,20.0,0.039242488422755274,0.07201357104863214,0.001089746566013421,0.010396967512327215,0.010396967512327215,0.009854785553303547,0.00942595903122495,0.32164838714241406,0.004145630911668239,0.26046950116072365,0.0032689437356494076,0.015024282313792842,0.0001950720713009381,candidate,True,0.00021935198807404395,7.276980914561193e-05,True,ok,0.1,1.190059051004937,1.2790947910107207,2.4691538420156576,True,3719815168,
platen,1,0.01,seeded_policy,0.01,float64,ok,,2000,20.0,4.02626342541771,220.8354208380042,2.3888245591311574,1.3264799055644503,0,0,0,6.216752894233702,0.07425948866580384,,6.108147885232763,0.07073231809727851,,6.055365227041879,0.07257458116113663,,20.0,0.049222745175104526,0.07677618083186523,0.0023074288858100224,0.023396830883233966,0.023011915750053902,0.023396830883233966,0.022964937035501738,0.012379906428295978,0.0016757244152835872,0.009920544165188176,0.0013815939265002669,0.00024338528593449848,0.00032428018635544207,candidate,True,0.00021935198807404395,7.276980914561193e-05,True,ok,0.1,0.03999711500364356,0.04518084600567818,0.08517796100932173,True,3719815168,
platen,2,0.005,seeded_policy,0.01,float64,ok,,4000,20.0,6.176807306183036,219.48694340599468,2.3891217846812496,1.3292592524339606,0,0,0,6.2059011389156655,0.07428518381572874,,6.099145122265955,0.07069539364250291,,6.055316764366583,0.07254184572899719,,20.0,0.01872928521415547,0.024898516875074717,0.00070886019692171,0.006828442539835944,0.006828442539835944,0.0066512055051966,0.006544735977298009,0.0015281511102618632,0.0007072531755423347,0.0009177811983734714,0.0006725422234063619,0.00019492261063583843,0.0001560065391874558,candidate,True,0.00021935198807404395,7.276980914561193e-05,True,ok,0.1,0.08364624399109744,0.11082733099465258,0.19447357498575002,True,3689803776,
platen,4,0.0025,seeded_policy,0.01,float64,ok,,8000,20.0,10.532320924918167,225.53640485799406,2.389116707166949,1.3299944187456965,0,0,0,6.204481225015504,0.07427340385025068,,6.098472622334975,0.07072195378221555,,6.055166207054633,0.07253848919620207,,20.0,0.008448566930026477,0.010039768159447206,0.00027126889176910644,0.0024895855424427182,0.0024895855424427182,0.002279639263774058,0.001954904124245968,0.00010823721009068851,0.0003487683728582118,0.00024528126740001573,0.00032859245497427836,4.436529869096944e-05,7.84721162010012e-05,candidate,True,0.00021935198807404395,7.276980914561193e-05,True,ok,0.1,0.14338081900496036,0.15787091699894518,0.30125173600390553,True,3689803776,
platen,8,0.00125,seeded_policy,0.01,float64,ok,,16000,20.0,19.018049894686555,236.20584799000062,2.3891286290966005,1.329967308298661,0,0,0,6.20466805613028,0.07428128499359443,,6.098260960448559,0.07070852995043184,,6.055155615316249,0.07254023305869187,,20.0,0.004084135203138055,0.004661179291464783,0.000124748638410464,0.0013554533487303289,0.0013554533487303289,0.0013102302413692257,0.001039656054703797,0.000295068324879186,0.00018115384913081054,3.361938097990644e-05,0.00015572221189254942,3.3773560304238224e-05,3.9196554614812953e-05,candidate,True,0.00021935198807404395,7.276980914561193e-05,True,ok,0.1,0.27510037599131465,0.3189226859831251,0.5940230619744398,True,3689803776,
platen,16,0.000625,seeded_policy,0.01,float64,ok,,32000,20.0,37.703091436007526,258.5256321859779,2.3891315483329376,1.3299841887868529,0,0,0,6.204400494114152,0.07427955430483654,,6.098212225352931,0.07070892776075516,,6.055143414294447,0.07254073234469369,,20.0,0.0020106016777292532,0.002268882443294212,5.9756539509076996e-05,0.0006990817990928377,0.0006990817990928377,0.0006822378985198441,0.0005475541506438919,2.75063087451736e-05,9.504961985359065e-05,-1.511571464412566e-05,7.150113910035251e-05,2.1572538502405715e-05,2.1356967029380004e-05,candidate,True,0.00021935198807404395,7.276980914561193e-05,True,ok,0.1,0.5307211049948819,0.6358776379784103,1.1665987429732922,True,3689803776,
platen,32,0.0003125,seeded_policy,0.01,float64,ok,,64000,20.0,70.81758682985674,303.2504705809988,2.3891341858373996,1.330031034213711,0,0,0,6.204459387742018,0.07427472962561549,,6.098210047425455,0.07071156913879012,,6.055135609076344,0.07254045249562335,,20.0,0.0009838857171317423,0.0011041572462620762,2.9430109406377073e-05,0.0003257273930632465,0.0003257273930632465,0.00029993134773143026,0.00025098434739934117,8.639993661201508e-05,4.317993676851525e-05,-1.729364211699953e-05,3.741722008245729e-05,1.3767320401686345e-05,9.674297479559497e-06,candidate,True,0.00021935198807404395,7.276980914561193e-05,False,ok,0.1,1.067558790993644,1.31397731899051,2.381536109984154,True,3694166016,
platen,64,0.00015625,seeded_policy,0.01,float64,ok,,128000,20.0,136.9899165504612,395.4024746019859,2.3891334002374855,1.3300183182343301,0,0,0,6.204393138561513,0.07427567139442617,,6.098238675688532,0.07071006499149333,,6.055126931431246,0.07254066424937279,,20.0,0.00043882890398787815,0.0004930775720489896,1.2977658853344435e-05,0.00018037597451669996,0.00018037597451669996,0.00016904161684916374,0.00014072624414756402,2.0150756105205995e-05,1.875574275664254e-05,1.1334620948532654e-05,1.721131664572441e-05,5.089675303329967e-06,4.413109361726642e-06,candidate,True,0.00021935198807404395,7.276980914561193e-05,False,ok,0.1,2.085423532000277,2.6528602710168343,4.7382838030171115,True,3889324032,
platen,128,7.8125e-05,no_feedback,0.1,float64,ok,,256000,20.0,176.82169856593828,488.62597958598053,2.4009937199286626,1.5405413446265772,0,0,0,5.985265891315425,0.07008443027231907,-0.01473410868457492,6.01731472190553,0.08312370855800776,0.01731472190552985,6.052687656297718,0.07448373368330702,0.0526876562977181,20.0,0.00025598215939341565,0.00028515348091377165,7.58151569752231e-08,3.3875980154363106e-07,3.3875980154363106e-07,3.364749820988777e-07,3.365955003331589e-07,1.3835961611286957e-05,1.0744361391131834e-05,-9.43010498702409e-06,9.22748261922325e-06,1.3129487413723189e-06,2.6536690604758323e-06,reference_halving_check,,,,,,,,,,,,
platen,256,3.90625e-05,no_feedback,0.1,float64,ok,,512000,20.0,348.86226000942406,769.7987133399874,2.4009937195819107,1.5405413433066149,0,0,0,5.98525205535381,0.07008528063711354,-0.01474794464618956,6.017324152010517,0.08312311196679319,0.017324152010517402,6.052686343348976,0.07448372732699457,0.05268634334897637,,,,,,,,,,,,,,,finer_reference,,,,,,,,,,,,
euler_maruyama,1,0.01,no_feedback,0.1,float64,nonfinite,5.68,926,9.25,0.5688343019864988,98.79919817700284,-2.630067950774187e+210,,1280,852480,1352960,-2.209603128233432e+224,,-2.209603128233432e+224,34.494125856152166,0.5580341361250688,29.031625856152168,6.059439474049972,0.07146029474315187,0.5969394740499716,9.25,1.6691151071861326e+111,5.0791586834831605e+112,,8.179684905712915e+226,8.179684905712915e+226,1.5915995344874318e+223,1.1409988031626741e+225,-2.209603128233432e+224,,29.0155801100419,0.4952738406573318,0.5312472490867274,0.007534569249566257,candidate,True,0.00025598215939341565,3.3875980154363106e-07,True,,,,,,,,
euler_maruyama,2,0.005,no_feedback,0.1,float64,covariance_failure,14.3,4000,20.0,1.9610739030176774,213.46482822901453,-52.18707687164691,-8.145702780420148,0,1036800,2438400,86.17662271882801,1.1882114256349958,80.17662271882801,53.1275196024669,0.8617171589853513,47.1275196024669,6.776427510148109,0.08418041164449616,0.7764275101481086,20.0,3.260368954664072,7.186615997938568,0.41159082403687997,9.697482072416364,8.411848667862927,9.697482072416364,7.173573494579783,80.19135682751262,1.1359966896148521,47.110204880561334,0.7898591090468806,0.7237398538503937,0.010099077833279596,candidate,True,0.00025598215939341565,3.3875980154363106e-07,True,,,,,,,,
euler_maruyama,4,0.0025,no_feedback,0.1,float64,ok,,8000,20.0,3.367391162086278,217.09572419000324,2.387597888023784,1.4650765780181476,0,0,0,20.560230800547437,0.2580939265804016,14.560230800547437,16.656626015535082,0.2471949128553614,10.656626015535082,6.402192327261678,0.07914613410713171,0.40219232726167764,20.0,1.1629499314984846,2.314860664972774,0.021764028664544185,0.08668201752665627,0.08569304993835503,0.08668201752665627,0.08548950323699123,14.574964909232028,0.1947579353547634,10.639311293629538,0.16855785971817414,0.3495046709639608,0.004860842657981567,candidate,True,0.00025598215939341565,3.3875980154363106e-07,True,,,,,,,,
euler_maruyama,8,0.00125,no_feedback,0.1,float64,ok,,16000,20.0,6.208258089609444,223.53377952601295,2.400296332801114,1.539458939825318,0,0,0,10.783012628531392,0.13012573984991102,4.783012628531392,9.812215798622233,0.14027948899647888,3.8122157986222334,6.224596747542066,0.07677181199827823,0.2245967475420656,20.0,0.5017463430649264,0.9546793757450939,0.007354764632350922,0.025762944830938217,0.025762944830938217,0.02570261758633574,0.02410786585535044,4.79774673721597,0.06288123992567972,3.7949010767166986,0.05908338210404499,0.17190909124434792,0.002386011231768185,candidate,True,0.00025598215939341565,3.3875980154363106e-07,True,,,,,,,,
euler_maruyama,16,0.000625,no_feedback,0.1,float64,ok,,32000,20.0,11.586014110100223,233.45230149501003,2.400777142075136,1.5401812734694595,0,0,0,7.97285278389847,0.09468343577512703,1.9728527838984702,7.643286391532791,0.1073954237820826,1.6432863915327909,6.137929726534241,0.07561917385066957,0.1379297265342414,20.0,0.2341157215721642,0.4360701152177515,0.0032531771976168954,0.012283864716748916,0.012235614269347828,0.012283864716748916,0.011459124723970362,1.987586892583049,0.02587945641230733,1.6259716696272584,0.025152556193175746,0.08524207023652562,0.0011838351118169269,candidate,True,0.00025598215939341565,3.3875980154363106e-07,True,,,,,,,,
euler_maruyama,32,0.0003125,no_feedback,0.1,float64,ok,,64000,20.0,22.725965148973046,257.9788401069818,2.4008987315006713,1.540362846665992,0,0,0,6.894533502917253,0.08128259779595584,0.8945335029172528,6.772501274926876,0.09435071479460186,0.772501274926876,6.095126989084192,0.07504941242395308,0.09512698908419193,20.0,0.11321701362141864,0.20870321344832077,0.0015455206238394682,0.0060066530497007165,0.005993601389027603,0.0060066530497007165,0.005588257708457567,0.9092676116018299,0.011804806136203461,0.7551865530213503,0.011648102027201615,0.042439332786476325,0.0005904618335312004,candidate,True,0.00025598215939341565,3.3875980154363106e-07,True,,,,,,,,
euler_maruyama,64,0.00015625,no_feedback,0.1,float64,ok,,128000,20.0,44.01695247495081,306.1537291810091,2.400948503290578,1.540452475635975,0,0,0,6.420618766732854,0.07543474246030445,0.42061876673285425,6.381552520123707,0.08853167924364486,0.3815525201237069,6.073850534684335,0.07476540007878045,0.07385053468433522,20.0,0.05568117839072157,0.10212290890871277,0.0007547262655179043,0.002970298318336617,0.0029683355027971814,0.002970298318336617,0.0027597046411812574,0.4353528754174276,0.005645615768884508,0.3642377982181757,0.005613829799511135,0.021162878386622095,0.00029366947357582963,candidate,True,0.00025598215939341565,3.3875980154363106e-07,True,,,,,,,,
platen,1,0.01,no_feedback,0.1,float64,ok,,2000,20.0,2.1936568766541313,213.12190045099123,2.400998080158783,1.5405695358083713,0,0,0,6.010106748334014,0.07055327614920225,0.010106748334013815,6.033093577485851,0.08325665720295401,0.03309357748585118,6.053340053600297,0.07450940068465847,0.05334005360029703,20.0,0.07458634422143919,0.12460454546851865,0.0016573543770456896,0.007409748751635803,0.007409748751635803,0.007387762061937586,0.007382518270500266,0.02484085701859451,0.0021111614259909242,0.01577885558031966,0.0017317512617732558,0.0006523973025774987,0.0003894462096070306,candidate,True,0.00025598215939341565,3.3875980154363106e-07,True,,,,,,,,
platen,2,0.005,no_feedback,0.1,float64,ok,,4000,20.0,3.7344941385672428,215.14031531399814,2.4009951746437257,1.540548467182707,0,0,0,5.98752226945175,0.07021450347605564,-0.012477730548249966,6.020022390179433,0.08314891817281368,0.020022390179432747,6.052845877319734,0.07449751990013365,0.05284587731973378,20.0,0.024966159101705684,0.036225288572165816,0.00041431139152895314,0.0018526074308811147,0.0018526074308811147,0.0018425325973749906,0.0018434711923730196,0.002256378136332004,0.0008296720314863916,0.0027076682739056493,0.0007582369389936304,0.00015822102201868728,0.0001803627555236297,candidate,True,0.00025598215939341565,3.3875980154363106e-07,True,,,,,,,,
platen,4,0.0025,no_feedback,0.1,float64,ok,,8000,20.0,6.7373555238882545,220.4143686789903,2.400994136118063,1.5405431344060487,0,0,0,5.985778161699688,0.0701561578233036,-0.014221838300311873,6.0179311988372675,0.08312485284135597,0.01793119883726746,6.0526151067890055,0.07448131798187538,0.052615106789005495,20.0,0.010244310319639637,0.012785533093916385,0.0001034835797798739,0.0004626349244851724,0.0004626349244851724,0.000459460631089037,0.0004600307546207827,0.0005122703842656429,0.0003782110512370859,0.0006164769317390365,0.0003525356540467861,-7.254950871474441e-05,9.192778268918328e-05,candidate,True,0.00025598215939341565,3.3875980154363106e-07,True,,,,,,,,
platen,8,0.00125,no_feedback,0.1,float64,ok,,16000,20.0,12.849939899606397,230.22925577897695,2.4009938308282357,1.5405417921157094,0,0,0,5.985482967972132,0.07009609455293188,-0.014517032027868026,6.017157890898764,0.08310598982888875,0.01715789089876374,6.05274401244341,0.07448165904888879,0.052744012443410426,20.0,0.004838010677778116,0.005587889965345722,2.5787994899215867e-05,0.00011526164881292544,0.00011526164881292544,0.0001143832364753905,0.00011456898810219274,0.0002170766567075424,0.00017571809594846575,-0.00015683100676565313,0.0001681778384779177,5.635614569791703e-05,4.559902787426774e-05,candidate,True,0.00025598215939341565,3.3875980154363106e-07,True,,,,,,,,
platen,16,0.000625,no_feedback,0.1,float64,ok,,32000,20.0,25.11509104972356,247.69147167398478,2.400993748242316,1.5405414553528527,0,0,0,5.9853105234225445,0.0700945313489432,-0.014689476577455451,6.017268654233135,0.08311593355062397,0.01726865423313484,6.05272548744164,0.0744843755979231,0.05272548744163963,20.0,0.0023636447536918154,0.002665876855697018,6.369868158186366e-06,2.8466388441117374e-05,2.8466388441117374e-05,2.826182599235949e-05,2.8289646696266768e-05,4.4632107122597375e-05,0.00010235578589488253,-4.606767239278719e-05,8.848377856366139e-05,3.7831143926254294e-05,2.232070662690732e-05,candidate,True,0.00025598215939341565,3.3875980154363106e-07,True,,,,,,,,
platen,32,0.0003125,no_feedback,0.1,float64,ok,,64000,20.0,46.2098984750337,281.56211100597284,2.4009937267791326,1.5405413710101081,0,0,0,5.985376008900713,0.07008892133027901,-0.014623991099287359,6.017295984664764,0.08311783636230086,0.017295984664763786,6.052703906729785,0.07448455870756478,0.052703906729784755,20.0,0.0011534191432245008,0.0012899078058355104,1.5164563552556119e-06,6.77634760037904e-06,6.77634760037904e-06,6.7293260190837145e-06,6.733591836199926e-06,0.00011011758529298423,4.8103700843116285e-05,-1.8737240768996388e-05,4.1120616363781126e-05,1.625043206992482e-05,1.124406157132602e-05,candidate,True,0.00025598215939341565,3.3875980154363106e-07,False,,,,,,,,
platen,64,0.00015625,no_feedback,0.1,float64,ok,,128000,20.0,88.67083644683589,349.72477998101385,2.4009937213092853,1.5405413499052272,0,0,0,5.985301633308661,0.07008664570850778,-0.014698366691338727,6.017314567017705,0.08312337700073814,0.01731456701770462,6.052683622162436,0.07448361804863639,0.05268362216243627,20.0,0.0005115360258037339,0.0005701851054597155,3.0327274665291163e-07,1.3551298883029972e-06,1.3551298883029972e-06,1.3458882479611134e-06,1.3465135666745898e-06,3.574199323770549e-05,2.2770435810857997e-05,-1.5488782434569434e-07,1.9113412194627316e-05,-4.034135278991063e-06,4.833141300765069e-06,candidate,True,0.00025598215939341565,3.3875980154363106e-07,False,,,,,,,,
platen,128,7.8125e-05,modulation_minus,0.1,float64,ok,,256000,20.0,177.7790923845023,490.84184853199986,2.4704898225726604,1.4884882535524473,0,0,0,5.946371043722741,0.06718756167384217,,5.938555021670718,0.0765402550652708,,6.053158559259599,0.0753723618326056,,20.0,0.0002426418641764038,0.00027196595548342577,1.0075848026827163e-07,4.978093564034225e-07,4.978093564034225e-07,4.4614929439745765e-07,4.705788986258952e-07,-1.4797366026771225e-05,1.0407309754250402e-05,-2.0369776970543046e-06,9.778212674553343e-06,2.0683412901525954e-07,2.533549821543168e-06,reference_halving_check,,,,,,,,,,,,
platen,256,3.90625e-05,modulation_minus,0.1,float64,ok,,512000,20.0,351.7647718913795,774.6418719979993,2.4704898218138727,1.4884882525550693,0,0,0,5.946385841088765,0.06718750984765337,,5.938557058648406,0.07654003355331065,,6.053158352425468,0.07537241882974595,,,,,,,,,,,,,,,,finer_reference,,,,,,,,,,,,
euler_maruyama,1,0.01,modulation_minus,0.1,float64,nonfinite,5.58,955,9.540000000000001,0.5990084776713047,102.04694532899885,-3.985685670222889e+17,,1280,954880,1521920,2.32144548159444e+202,,,29.378630569235003,0.4319425379582755,,6.0412856025478145,0.07274822838519782,,9.540000000000001,2.080523205554275e+100,6.429456316401562e+101,,6.5604224751304e+204,6.5604224751304e+204,5.376660985905493e+204,5.93912178466574e+204,2.32144548159444e+202,,23.938284363823428,0.3726443925638281,0.4893867339281112,0.0070860149465378,candidate,True,0.0002426418641764038,4.978093564034225e-07,True,,,,,,,,
euler_maruyama,2,0.005,modulation_minus,0.1,float64,covariance_failure,14.355,4000,20.0,1.9951311529730447,214.91880614100955,-30.40900720225622,-5.9424279781170295,0,907520,2205440,63.09793740341194,0.8691700869620098,,40.797420481332935,0.5981511560670946,,6.696434241038192,0.08420148979275079,,20.0,2.712655062670909,5.848056774887116,0.3567167418174999,7.596185390002892,7.596185390002892,6.5267789930137425,5.265391908822915,57.151566359689205,0.8174309788234525,34.85886545966222,0.5319425210569334,0.6432756817785912,0.00918655924501486,candidate,True,0.0002426418641764038,4.978093564034225e-07,True,,,,,,,,
euler_maruyama,4,0.0025,modulation_minus,0.1,float64,ok,,8000,20.0,3.3935821364284493,217.83510057098465,2.4497820368915844,1.3928579868255073,0,0,0,17.83911682177317,0.2170417915370204,,14.66391583908981,0.19909382594628902,,6.364872713969745,0.07962642100252305,,20.0,1.0076853281101246,1.9870224278114004,0.02839205914405892,0.11082525289186362,0.11082525289186362,0.1007125994649627,0.10370895833103168,11.892745778050433,0.15585961571140747,8.725360817419093,0.12673612268130977,0.31171415471015,0.004430930436988076,candidate,True,0.0002426418641764038,4.978093564034225e-07,True,,,,,,,,
euler_maruyama,8,0.00125,modulation_minus,0.1,float64,ok,,16000,20.0,6.22698655736167,224.98414709899225,2.469186527985076,1.4787495736137368,0,0,0,10.060686466761299,0.11731074326645675,,9.178693385919997,0.12109377016514518,,6.206754302414649,0.07746481803944204,,20.0,0.441901740673617,0.8371966307073275,0.009990265326513948,0.039439046842997705,0.039439046842997705,0.03544176869087945,0.03525855913156451,4.114315423038554,0.05265758896674139,3.240138364249282,0.04635218711671833,0.15359574315505137,0.0021799444131050142,candidate,True,0.0002426418641764038,4.978093564034225e-07,True,,,,,,,,
euler_maruyama,16,0.000625,modulation_minus,0.1,float64,ok,,32000,20.0,11.640115702553885,235.066653100017,2.470107530652561,1.4855260312899397,0,0,0,7.686624871953881,0.08811863598957866,,7.3508479369667965,0.09581083715820822,,6.129400277142217,0.07641256853644451,,20.0,0.20770293036005105,0.3860843810700984,0.004444744071339777,0.01879502326289284,0.01879502326289284,0.016945251343742918,0.01683344354447968,1.7402538282311417,0.022079161496077786,1.4122929152960815,0.02009773112978188,0.07624171788261747,0.0010834425364115012,candidate,True,0.0002426418641764038,4.978093564034225e-07,True,,,,,,,,
euler_maruyama,32,0.0003125,modulation_minus,0.1,float64,ok,,64000,20.0,22.73271747495164,259.65948899899377,2.4703285050095967,1.4872657081868494,0,0,0,6.749982586469502,0.07680400161247143,,6.599769400287696,0.08554007230629677,,6.0911333473358695,0.07589008965614566,,20.0,0.10079221838390019,0.18562149327233302,0.0021148306545726824,0.00917768527003382,0.00917768527003382,0.008298367129921935,0.008226765180031154,0.8036115427467623,0.01016006298824569,0.6612143786169807,0.009395732689054753,0.03797478807626652,0.0005400079924504255,candidate,True,0.0002426418641764038,4.978093564034225e-07,True,,,,,,,,
euler_maruyama,64,0.00015625,modulation_minus,0.1,float64,ok,,128000,20.0,43.65625464756158,307.89528084598714,2.470414445562547,1.4879260877287552,0,0,0,6.332852439410267,0.07180175330663238,,6.258689682474999,0.0808916225035472,,6.072097639822255,0.07563061136111586,,20.0,0.049654039548216504,0.09102869294523616,0.0010332997807529522,0.004535933657916935,0.004535933657916935,0.004106567380248727,0.004066987956299353,0.3864813956875232,0.004879298232060858,0.3201346608042833,0.004545044817503083,0.018939080562660724,0.0002690943152437536,candidate,True,0.0002426418641764038,4.978093564034225e-07,True,,,,,,,,
platen,1,0.01,modulation_minus,0.1,float64,ok,,2000,20.0,2.242507475835737,214.6809852910228,2.4704975618746547,1.488620531345058,0,0,0,5.96748549853242,0.0673526164457087,,5.953740880985343,0.07696098704544276,,6.053588572112143,0.07540611695662942,,20.0,0.06528723996123968,0.10740828404864562,0.002202605204924056,0.010878472838959041,0.010878472838959041,0.009793228595342818,0.01030648064230999,0.021114454809678718,0.002010137040631009,0.01518585931462992,0.0017503018571459004,0.0004300128525461398,0.00036690357521457564,candidate,True,0.0002426418641764038,4.978093564034225e-07,True,,,,,,,,
platen,2,0.005,modulation_minus,0.1,float64,ok,,4000,20.0,3.820035158540122,216.69584707097965,2.4704928560548423,1.4884954327051625,0,0,0,5.94923899832089,0.06721021700899864,,5.941210706331237,0.07659532329583205,,6.053252544077995,0.07539064957970906,,20.0,0.022555898570246643,0.031987477215204445,0.0005506108063094991,0.0027210548615634877,0.0027210548615634877,0.0024422177853136162,0.0025716384391175906,0.002867954598153291,0.000821591274038188,0.0026556846605272104,0.0007357467701378258,9.39848183986719e-05,0.00017374796374874666,candidate,True,0.0002426418641764038,4.978093564034225e-07,True,,,,,,,,
platen,4,0.0025,modulation_minus,0.1,float64,ok,,8000,20.0,6.853952255274635,221.79811058798805,2.4704907197709396,1.4884890906201533,0,0,0,5.94676197669226,0.06718798918532878,,5.938875865763288,0.0765263838461203,,6.053020349155611,0.07536656206816877,,20.0,0.009516654683104274,0.011710000458725459,0.00013752649145161054,0.0006796489083713553,0.0006796489083713553,0.0006090064093795533,0.000641991106889811,0.00039093296951564797,0.0003735791538843931,0.0003208440925760448,0.00038143736047784743,-0.0001382101039889786,9.048139338614689e-05,candidate,True,0.0002426418641764038,4.978093564034225e-07,True,,,,,,,,
platen,8,0.00125,modulation_minus,0.1,float64,ok,,16000,20.0,12.92704893759219,231.22749937101617,2.470490063905614,1.4884884854879523,0,0,0,5.946402799400715,0.06718685364214438,,5.938499653515647,0.07651697486868876,,6.053176502474841,0.07536963438227771,,20.0,0.004538078908649181,0.00521631549719058,3.4271676157092445e-05,0.00016935159803388444,0.00016935159803388444,0.00015175532098421485,0.00016002678183207886,3.1755677972435764e-05,0.0001789834574726997,-5.536815506708843e-05,0.00018196918744572382,1.7943215244056537e-05,4.232232036014504e-05,candidate,True,0.0002426418641764038,4.978093564034225e-07,True,,,,,,,,
platen,16,0.000625,modulation_minus,0.1,float64,ok,,32000,20.0,25.29440116585465,247.6804869020125,2.470489884388635,1.4884883224430683,0,0,0,5.946363629274487,0.06718352105672612,,5.938400813327322,0.0765267841017834,,6.053189991967618,0.07537344860465328,,20.0,0.0022272255969543672,0.00250988327891441,8.46548047680438e-06,4.1828348207317845e-05,4.1828348207317845e-05,3.7485133128178916e-05,3.953307808199358e-05,-7.4144482530256525e-06,8.655714206036662e-05,-0.00015420834339483386,8.092995318714649e-05,3.143270802204461e-05,2.157963553107588e-05,candidate,True,0.0002426418641764038,4.978093564034225e-07,True,,,,,,,,
platen,32,0.0003125,modulation_minus,0.1,float64,ok,,64000,20.0,46.41071860521333,281.0702674470085,2.4704898375484228,1.4884882718198809,0,0,0,5.946426012733577,0.0671877238579165,,5.938503424087014,0.07653998564168991,,6.05317187380684,0.07537263952220719,,20.0,0.0010878528494047861,0.0012146517951315576,2.015363426245444e-06,9.957541442062734e-06,9.957541442062734e-06,8.923942929506268e-06,9.412096098754263e-06,5.496901083695573e-05,4.3903108175584094e-05,-5.159758369374203e-05,3.806483794338271e-05,1.3314547243046622e-05,1.0666241555794379e-05,candidate,True,0.0002426418641764038,4.978093564034225e-07,False,,,,,,,,
platen,64,0.00015625,modulation_minus,0.1,float64,ok,,128000,20.0,90.45024570828537,351.91313260101015,2.4704898255924177,1.488488257407731,0,0,0,5.946375630153209,0.06718772622655539,,5.938538444384668,0.07654084253760048,,6.053152739146815,0.07537241722419168,,20.0,0.00048395321895619824,0.0005409186283987801,4.0304922811435803e-07,1.9913444146979487e-06,1.9913444146979487e-06,1.784673381521884e-06,1.8823576794502195e-06,4.586430466477446e-06,2.0346537706005004e-05,-1.657728604988251e-05,1.8150252562986855e-05,-5.820112783497428e-06,4.680257187369486e-06,candidate,True,0.0002426418641764038,4.978093564034225e-07,False,,,,,,,,
platen,128,7.8125e-05,modulation_plus,0.1,float64,ok,,256000,20.0,172.37217758584302,483.92125679700985,2.344932780448,1.4514874200281216,0,0,0,5.976488025185744,0.0729727227522098,,6.088772796532321,0.07869539095461864,,6.096490894702509,0.07390164739487153,,20.0,0.000270195064936398,0.00030114078786429066,1.1217418035206758e-07,5.704657377592071e-07,5.219421410629366e-07,5.704657377592071e-07,5.444247308389327e-07,4.2498197710042096e-05,1.0933913699297793e-05,1.7343066087824466e-06,1.1284114480010453e-05,5.597764480134828e-07,2.8253912236831716e-06,reference_halving_check,,,,,,,,,,,,
platen,256,3.90625e-05,modulation_plus,0.1,float64,ok,,512000,20.0,340.0198493428761,759.023357928003,2.3449327801252,1.4514874187504097,0,0,0,5.9764455269880274,0.07297115291955758,,6.088771062225712,0.07869564116664285,,6.096490334926059,0.07390152856553646,,,,,,,,,,,,,,,,finer_reference,,,,,,,,,,,,
euler_maruyama,1,0.01,modulation_plus,0.1,float64,nonfinite,4.53,782,7.8100000000000005,0.4850739933317527,83.32297980200383,-7.79625120912e+289,,1280,851200,1309440,-5.974981457666331e+300,,,28.497447582238138,0.43621826495970867,,5.960461657966564,0.06559553991014153,,7.8100000000000005,2.2037337748076417e+149,6.162579065844305e+150,,7.55769739950061e+302,5.0305131148673976e+302,7.55769739950061e+302,6.165962689344386e+302,-5.974981457666331e+300,,23.08494224939261,0.37846370575424587,0.4713956071717449,0.006509041678790571,candidate,True,0.000270195064936398,5.704657377592071e-07,True,,,,,,,,
euler_maruyama,2,0.005,modulation_plus,0.1,float64,nonfinite,11.395000000000001,3583,17.91,1.8000391222012695,191.88674531399738,-1.1198723710889021e+102,,1280,1895680,3440640,1.8286981600114458e+222,,,50.33711328827673,0.7755212337285325,,6.707580535585809,0.08162088935499416,,17.91,8.731837838192457e+110,3.6963634253441752e+112,,3.2950095980161423e+226,3.2950095980161423e+226,8.002637773304721e+225,1.6238463065353685e+226,1.8286981600114458e+222,,44.389954295404486,0.711557387431357,0.702124823054122,0.009627141763774213,candidate,True,0.000270195064936398,5.704657377592071e-07,True,,,,,,,,
euler_maruyama,4,0.0025,modulation_plus,0.1,float64,ok,,8000,20.0,3.447550843382487,217.78933272699942,2.3004677765854127,1.3064616072121453,0,0,0,23.806133846907645,0.2998938519572223,,18.83170178088589,0.2656213519849175,,6.486774863438664,0.0789889977576866,,20.0,1.3353969809374158,2.678456957885548,0.033897990540212114,0.17537504661395475,0.15711330939642543,0.17537504661395475,0.16063332176404707,17.829645821721922,0.23394958483242126,12.742928984353576,0.19289934494495886,0.390283968736153,0.005316232353430249,candidate,True,0.000270195064936398,5.704657377592071e-07,True,,,,,,,,
euler_maruyama,8,0.00125,modulation_plus,0.1,float64,ok,,16000,20.0,6.2558391672500875,223.832932232006,2.343652558512345,1.4472769842104873,0,0,0,11.532253694428185,0.1423688539061816,,10.451020757952241,0.14051669375086634,,6.28808862949745,0.07639426408950183,,20.0,0.5660475211277893,1.0794508879519562,0.010470884292026772,0.04151942079703641,0.03780196774095401,0.04151942079703641,0.0373312048910062,5.555765669242442,0.07210579966905044,4.362247961419924,0.06435583684762437,0.19159773479494052,0.002605416397409609,candidate,True,0.000270195064936398,5.704657377592071e-07,True,,,,,,,,
euler_maruyama,16,0.000625,modulation_plus,0.1,float64,ok,,32000,20.0,11.58127344827517,233.8282409409876,2.3446184736083793,1.451250821945518,0,0,0,8.226371768024363,0.10095328659514702,,7.925617511130283,0.10436965095543489,,6.191407184708788,0.0751372548642405,,20.0,0.2620555418957159,0.4880430558292491,0.0045491271820039605,0.01974357366191004,0.01785976891591634,0.01974357366191004,0.017671072641443138,2.249883742838621,0.029154196428773833,1.83684471459796,0.026826157642069307,0.09491629000627858,0.0012911679575071246,candidate,True,0.000270195064936398,5.704657377592071e-07,True,,,,,,,,
euler_maruyama,32,0.0003125,modulation_plus,0.1,float64,ok,,64000,20.0,22.690670411480824,258.5753895250091,2.344804837322576,1.4513697935489236,0,0,0,6.9952679928218595,0.0856355545262346,,6.93521362191775,0.09045544906314548,,6.143726687521917,0.0745171155699517,,20.0,0.1262653061103437,0.23246291167340502,0.002147880281371518,0.009630715396887979,0.008727860042310631,0.009630715396887979,0.008615503888826703,1.0187799676361196,0.013207169398912099,0.8464408253854329,0.01230611392689856,0.04723579281940407,0.0006437704275359118,candidate,True,0.000270195064936398,5.704657377592071e-07,True,,,,,,,,
euler_maruyama,64,0.00015625,modulation_plus,0.1,float64,ok,,128000,20.0,42.71374404212111,305.1187570230104,2.3448736109984014,1.4514287731425168,0,0,0,6.461895723409684,0.07900470429971192,,6.495464849045893,0.08433016151319166,,6.12004543781782,0.07420782225585056,,20.0,0.06198571117163228,0.11348060988324062,0.0010461121544390296,0.0047566558532787795,0.004318003829927974,0.0047566558532787795,0.004256910136670289,0.48540769822394425,0.006293275395822875,0.4066920525135716,0.005901233978073643,0.023554543115310207,0.00031987815086178585,candidate,True,0.000270195064936398,5.704657377592071e-07,True,,,,,,,,
platen,1,0.01,modulation_plus,0.1,float64,ok,,2000,20.0,2.248087372572627,213.43619115301408,2.344933108858725,1.451515046348054,0,0,0,6.010215375310385,0.07331643208267871,,6.109830065416499,0.07898184999651861,,6.097338332805892,0.0739242563903026,,20.0,0.08509346809865756,0.1439285535254773,0.002452049644809594,0.012537655004656756,0.011389355109700183,0.012537655004656756,0.0119407448854678,0.03372735012464449,0.0025678828468217963,0.02105726888418075,0.0021104805260572894,0.000847438103385442,0.00042102990705227016,candidate,True,0.000270195064936398,5.704657377592071e-07,True,,,,,,,,
platen,2,0.005,modulation_plus,0.1,float64,ok,,4000,20.0,3.827952793217264,215.625051910989,2.344933611267733,1.451494360284809,0,0,0,5.982943707312779,0.07297439886481055,,6.091782328949546,0.07872920038431008,,6.096690750069895,0.07391211167236914,,20.0,0.027515004969256986,0.04089328051720693,0.0006129822236123542,0.0031267964977486074,0.002850504134162435,0.0031267964977486074,0.0029789773510805334,0.006455682127038403,0.0009487508658924012,0.00300953241722171,0.000796335820461036,0.0001998553673876679,0.0001916637445790271,candidate,True,0.000270195064936398,5.704657377592071e-07,True,,,,,,,,
platen,4,0.0025,modulation_plus,0.1,float64,ok,,8000,20.0,6.874091592908371,220.52778508301708,2.3449331005295706,1.451489158359832,0,0,0,5.978337951123076,0.07296143596872756,,6.0890544093604415,0.07872644958606892,,6.09647362850859,0.07389913347778451,,20.0,0.011033545457828699,0.01404878467809868,0.00015311204636671129,0.0007797743273112445,0.0007123181381736288,0.0007797743273112445,0.0007428888546905238,0.001849925937338528,0.0004189970802848034,0.0002816128281186063,0.00043072125971217913,-1.726619392578375e-05,9.680693667882108e-05,candidate,True,0.000270195064936398,5.704657377592071e-07,True,,,,,,,,
platen,8,0.00125,modulation_plus,0.1,float64,ok,,16000,20.0,12.910202235420002,230.38397700700443,2.344932875403738,1.4514878539110754,0,0,0,5.977246243245108,0.07297383817016594,,6.0888708885471,0.07871166765127653,,6.0965563219565135,0.07390011145866549,,20.0,0.005148694361513126,0.00598566908978953,3.815565515128722e-05,0.00019413276896429466,0.0001775310097507088,0.00019413276896429466,0.00018511530072606863,0.0007582180593659987,0.00020563055896982187,9.809201477796404e-05,0.0002013974751144559,6.5427254009408e-05,4.979506644849284e-05,candidate,True,0.000270195064936398,5.704657377592071e-07,True,,,,,,,,
platen,16,0.000625,modulation_plus,0.1,float64,ok,,32000,20.0,25.171144736930728,248.76989477098687,2.3449328058405623,1.4514875272938998,0,0,0,5.976668539116534,0.07296514158852697,,6.088722561476194,0.07869971222374837,,6.0965290022820575,0.07390252774447591,,20.0,0.002509728736829992,0.0028326717453259734,9.424765732529396e-06,4.79349938613538e-05,4.385282842633842e-05,4.79349938613538e-05,4.57342336285943e-05,0.00018051393079399216,0.00010513137625512144,-5.023505612918436e-05,9.270817280551632e-05,3.810757954859551e-05,2.394184803655242e-05,candidate,True,0.000270195064936398,5.704657377592071e-07,True,,,,,,,,
platen,32,0.0003125,modulation_plus,0.1,float64,ok,,64000,20.0,46.51539242005674,283.60584008702426,2.34493278672412,1.4514874455759623,0,0,0,5.976629823041088,0.0729738788362026,,6.088748513541346,0.07869583147583854,,6.0965074754215935,0.07390280186451514,,20.0,0.0012175462288272969,0.0013625912817596798,2.243719065184963e-06,1.141105693580613e-05,1.0439935182127158e-05,1.141105693580613e-05,1.0888832141231486e-05,0.00014179785534542753,4.906925006971091e-05,-2.428299097819359e-05,4.7900706408978315e-05,1.6580719088742867e-05,1.2065757702863177e-05,candidate,True,0.000270195064936398,5.704657377592071e-07,False,,,,,,,,
platen,64,0.00015625,modulation_plus,0.1,float64,ok,,128000,20.0,88.71088330578641,351.6473554930126,2.344932781725416,1.4514874251384922,0,0,0,5.976507217910495,0.07297298794916794,,6.088736456793196,0.0786947590719766,,6.0964905989560885,0.07390143808530339,,20.0,0.0005440157531923665,0.0006089652147048275,4.4871536984731257e-07,2.2820005147750066e-06,2.087855942356498e-06,2.2820005147750066e-06,2.177727650445882e-06,1.919272475429535e-05,2.3612055312671344e-05,-3.633973912050003e-05,2.0323165334664574e-05,-2.9574642499594376e-07,5.265712345707269e-06,candidate,True,0.000270195064936398,5.704657377592071e-07,False,,,,,,,,
platen,128,7.8125e-05,seeded_policy,0.1,float64,ok,,256000,20.0,267.6811550569837,579.3352449790109,2.38892859931436,1.3278568004786149,0,0,0,6.094883028851953,0.0717348770173572,,6.096746083022293,0.08466353907308444,,6.064584542707726,0.07469636159478991,,20.0,0.0002588213516402088,0.0002908600732422094,8.446327788669046e-06,8.315966336791547e-05,8.315966336791547e-05,8.123845330665347e-05,6.989820016911619e-05,1.4300208538863714e-05,1.1139777022213603e-05,-6.399497158968358e-06,9.505553946562052e-06,1.072675156340853e-06,2.7046222458181623e-06,reference_halving_check,,,,,,,,,,,,
platen,256,3.90625e-05,seeded_policy,0.1,float64,ok,,512000,20.0,532.477524148795,953.6223818059952,2.3889286271123726,1.3278750439224092,0,0,0,6.094868728643416,0.07173579923038109,,6.096752482519452,0.0846628620325496,,6.064583470032569,0.07469634963114036,,,,,,,,,,,,,,,,finer_reference,,,,,,,,,,,,
euler_maruyama,1,0.01,seeded_policy,0.1,float64,nonfinite,4.31,772,7.71,1.0335868167458102,82.64203126099892,-2.1567957333720512e+68,,1,308203,577219,7.44019137835704e+159,,,23.206772206847635,0.35701107007144867,,5.880379876038722,0.06378848393925712,,7.71,2.7752104396988546e+78,7.71089111849054e+79,,3.761950444484736e+163,3.761950444484736e+163,2.297089394830415e+161,2.939649038559442e+162,7.44019137835704e+159,,17.773374944245578,0.294040752224684,0.41120509793841653,0.005745157414983862,candidate,True,0.0002588213516402088,8.315966336791547e-05,True,ok,0.1,0.02343031798955053,0.023110557987820357,0.04654087597737089,True,3720192000,
euler_maruyama,2,0.005,seeded_policy,0.1,float64,nonfinite,9.195,3161,15.8,3.0174080210272223,171.0727727850026,-4.034765434510795e+118,,1,308339,906560,-2.4406561273961376e+254,,,30.51703324561165,0.48245838824742776,,6.383263569095174,0.0780533166370996,,15.8,1.9463725365293346e+125,7.739125742976955e+126,,5.259933311950986e+258,3.2880785571824975e+258,5.259933311950986e+258,4.158734655545597e+258,-2.4406561273961376e+254,,24.65333501532758,0.4090543756009861,0.5299790254657045,0.007526849060649948,candidate,True,0.0002588213516402088,8.315966336791547e-05,True,ok,0.1,0.04011808001087047,0.04113641902222298,0.08125449903309345,True,3720192000,
euler_maruyama,4,0.0025,seeded_policy,0.1,float64,ok,,8000,20.0,5.9977133329666685,219.8598890620051,1.3498624047959964,0.5612292777935083,0,0,0,21.03396755036951,0.2635168173926986,,16.91763719401938,0.2524237514765417,,6.412628757766181,0.07935795671935768,,20.0,1.1773955662023037,2.3474276466981565,0.04662910493558475,0.833249225886779,0.8167666436556327,0.833249225886779,0.787019913236608,14.93908452151756,0.1990646562619596,10.820891110997094,0.17236211932199105,0.34804421505846167,0.004939820277784744,candidate,True,0.0002588213516402088,8.315966336791547e-05,True,ok,0.1,0.07573808598681353,0.07815202299389057,0.1538901089807041,True,3720192000,
euler_maruyama,8,0.00125,seeded_policy,0.1,float64,ok,,16000,20.0,10.36315431210096,227.83026894700015,2.281599940472979,1.1694885555354173,0,0,0,11.009318886019159,0.13283246669375423,,9.95375240417029,0.1429231152460476,,6.235784135724124,0.0769762241768413,,20.0,0.5077441818313232,0.9678270041063227,0.01640231207339002,0.21326671365722055,0.2131133956985014,0.20686326618633677,0.21326671365722055,4.914435857167204,0.06411817531640926,3.857006321147998,0.06023067438499697,0.17119959301639937,0.002412695125593084,candidate,True,0.0002588213516402088,8.315966336791547e-05,True,ok,0.1,0.1479751250008121,0.15516744198976085,0.30314256699057296,True,3720192000,
euler_maruyama,16,0.000625,seeded_policy,0.1,float64,ok,,32000,20.0,18.92673358184402,241.54840718500782,2.3672225165784577,1.2753005230480574,0,0,0,8.130126984850488,0.09676727050540798,,7.74891547850032,0.10938350136860778,,6.149491715100454,0.07582695366605406,,20.0,0.23685920698254156,0.44200667836860463,0.007251918913584115,0.08199621795803202,0.08199621795803202,0.08168698631748605,0.08180802219861433,2.035243955998538,0.026381559424142262,1.6521693954780252,0.02562019576407278,0.08490717239273814,0.001195589683710598,candidate,True,0.0002588213516402088,8.315966336791547e-05,True,ok,0.1,0.2900141600111965,0.3089802190079354,0.5989943790191319,True,3720192000,
euler_maruyama,32,0.0003125,seeded_policy,0.1,float64,ok,,64000,20.0,36.141488268680405,272.2456205149938,2.382096310812909,1.3028358091844459,0,0,0,7.025808538749741,0.08313235045173888,,6.86403206560294,0.09609442657254991,,6.106861220210092,0.07525955900393702,,20.0,0.1145321671842758,0.211529792138115,0.0034362158324582797,0.03700314795667525,0.03620652790067869,0.03700314795667525,0.03617793358599475,0.9309255098977853,0.012034191160958716,0.7672859825806458,0.01186051505620533,0.04227667750237338,0.0005961592342628713,candidate,True,0.0002588213516402088,8.315966336791547e-05,True,ok,0.1,0.5849239320086781,0.6183965649979655,1.2033204970066436,True,3720192000,
euler_maruyama,64,0.00015625,seeded_policy,0.1,float64,ok,,128000,20.0,68.64008321627625,331.0304514270101,2.3859979056507847,1.3156500277852694,0,0,0,6.5405702645611346,0.0771810498682887,,6.466798221832439,0.09016932048885914,,6.085668739718233,0.07497682442937283,,20.0,0.05632431011428374,0.10350117127631461,0.001675002729584545,0.01770216306092398,0.017281784670645672,0.01770216306092398,0.017124228932091284,0.44568723570918284,0.0057554493560390396,0.3700521388101481,0.005716062292710663,0.02108419701051363,0.0002964811279721217,candidate,True,0.0002588213516402088,8.315966336791547e-05,True,ok,0.1,1.141263074008748,1.2554946379968897,2.3967577120056376,True,3720192000,
platen,1,0.01,seeded_policy,0.1,float64,ok,,2000,20.0,4.01604272518307,214.82308807197842,2.388601449893644,1.3251420502530906,0,0,0,6.12060895852561,0.07228070094155842,,6.112709580798882,0.08477229543850757,,6.065317830682313,0.07473002253239369,,20.0,0.07570907864747631,0.12694001348599293,0.004183326023433832,0.04372034295254859,0.043489530326578096,0.04353108568487918,0.04372034295254859,0.025725929673655865,0.0022053002399796203,0.015963497776591666,0.0018412831844444723,0.0007332879745950985,0.0004084196513820164,candidate,True,0.0002588213516402088,8.315966336791547e-05,True,ok,0.1,0.03912550798850134,0.04285300397896208,0.08197851196746342,True,3720192000,
platen,2,0.005,seeded_policy,0.1,float64,ok,,4000,20.0,6.329812304931693,218.43602873000782,2.388937691166093,1.3274972710967838,0,0,0,6.097453909660993,0.07186709394958829,,6.099354408390537,0.08466784646114892,,6.064738497599266,0.07471387636798597,,20.0,0.025289034255285243,0.036886754003075985,0.001174381045607735,0.011137768368499001,0.010873781218773582,0.011137768368499001,0.011072847235568041,0.002570880809040321,0.0008623029729084572,0.002608325368244537,0.000797989155796671,0.00015395489155253534,0.00018669558689268792,candidate,True,0.0002588213516402088,8.315966336791547e-05,True,ok,0.1,0.07305495298351161,0.0794171329762321,0.1524720859597437,True,3720192000,
platen,4,0.0025,seeded_policy,0.1,float64,ok,,8000,20.0,11.005488158232765,224.2337999609881,2.388950446834542,1.3276768968118393,0,0,0,6.095546908762665,0.07181296598751279,,6.09730423220053,0.08466143891220511,,6.06449915242145,0.07469412518238107,,20.0,0.010374963245700362,0.013046323398745813,0.00039636302708917926,0.0037442271192125176,0.0037442271192125176,0.0035698072947232262,0.0030610496008533633,0.0006638799107135987,0.0003992715320253246,0.0005581491782390822,0.0003638859330289608,-8.539028626657392e-05,9.30991153875755e-05,candidate,True,0.0002588213516402088,8.315966336791547e-05,True,ok,0.1,0.14779744599945843,0.16033757600234821,0.30813502200180665,True,3688402944,
platen,8,0.00125,seeded_policy,0.1,float64,ok,,16000,20.0,20.115173562808195,236.5533814340015,2.388943221009665,1.3276107460222142,0,0,0,6.095141065633331,0.07174221809799655,,6.096592686869003,0.08464476738024998,,6.064645844867075,0.07469475766440811,,20.0,0.004888451809607135,0.005686151791006119,0.0001679438844007437,0.0017320929518698236,0.0017299190646484774,0.0017320929518698236,0.0014929104241617197,0.00025803678137520375,0.0001822453332975252,-0.0001533961532922548,0.00016979907580013314,6.130215935171144e-05,4.6313119389461705e-05,candidate,True,0.0002588213516402088,8.315966336791547e-05,True,ok,0.1,0.27534281500265934,0.32181115201092325,0.5971539670135826,True,3688402944,
platen,16,0.000625,seeded_policy,0.1,float64,ok,,32000,20.0,38.38924429702456,259.68781942900387,2.3889307529479993,1.327923865079996,0,0,0,6.094936224479096,0.07174522139529318,,6.0966875548590735,0.08465647861697095,,6.064625674008576,0.07469691008378551,,20.0,0.0023905001490502407,0.0027185735691523404,7.897806322316362e-05,0.0008007922138650869,0.0008007922138650869,0.0007718461985222191,0.0006370180271237924,5.319562714302151e-05,0.00010510652404221135,-5.852816322149339e-05,9.242570267202718e-05,4.113130085535652e-05,2.248028109959859e-05,candidate,True,0.0002588213516402088,8.315966336791547e-05,True,ok,0.1,0.5424970019957982,0.6440589780104347,1.1865559800062329,True,3688402944,
platen,32,0.0003125,seeded_policy,0.1,float64,ok,,64000,20.0,72.06782262292108,305.66916031899746,2.3889292592332168,1.327865871394081,0,0,0,6.095004164823061,0.07173915947480873,,6.096730805644404,0.0846577482603781,,6.064600796603539,0.0746969764522105,,20.0,0.001165178777361267,0.0013132433858626504,3.827618654841409e-05,0.00040057312554786506,0.00037107262316116163,0.00040057312554786506,0.00033398645854490483,0.00012113597111131597,4.892480416532023e-05,-1.5277377886497013e-05,4.3093482223198495e-05,1.6253895814523074e-05,1.1228232454548332e-05,candidate,True,0.0002588213516402088,8.315966336791547e-05,False,ok,0.1,1.066634194983635,1.3268059740075842,2.3934401689912193,True,3695767552,
platen,64,0.00015625,seeded_policy,0.1,float64,ok,,128000,20.0,139.20892694039503,398.52635098501923,2.388928199059999,1.3278539572684687,0,0,0,6.094925087608147,0.07173691436656063,,6.096744098760899,0.08466341292334938,,6.064581172337948,0.07469612694914327,,20.0,0.0005176979008561247,0.0005822113341598022,1.699200511476963e-05,0.00019498331284939496,0.00019498331284939496,0.00018624729074367963,0.00015537722701630674,4.205875619382472e-05,2.3753759747789486e-05,-1.9842613933277897e-06,1.957050305998051e-05,-3.370369768187758e-06,4.902448515989792e-06,candidate,True,0.0002588213516402088,8.315966336791547e-05,False,ok,0.1,2.0959817559923977,2.6762101240165066,4.772191880008904,True,3891425280,
platen,128,7.8125e-05,no_feedback,1.0,float64,ok,,256000,20.0,175.1184327864903,493.36323735199403,2.4008795773507923,1.5407779276573998,0,0,0,5.970176465764749,0.07369998916203198,-0.02982353423525108,5.95315279900919,0.0755881926632684,-0.0468472009908103,5.956016868793657,0.07611407828313421,-0.04398313120634256,20.0,0.0006997852192105235,0.0007946642993863875,7.035354365611176e-07,4.273226786213891e-06,4.214657982615222e-06,4.194986826355773e-06,4.273226786213891e-06,1.8360322099436133e-05,3.116764874882e-05,-3.0173481306622664e-05,2.581424211882586e-05,7.2057265566068e-06,6.591432666512693e-06,reference_halving_check,,,,,,,,,,,,
platen,256,3.90625e-05,no_feedback,1.0,float64,ok,,512000,20.0,348.55566322925733,780.0367021599959,2.400879576561712,1.540777926336828,0,0,0,5.970158105442645,0.07370471617123478,-0.029841894557354642,5.953182972490494,0.07558696479367537,-0.04681702750950567,5.956009663067104,0.07611370601664548,-0.04399033693289578,,,,,,,,,,,,,,,finer_reference,,,,,,,,,,,,
euler_maruyama,1,0.01,no_feedback,1.0,float64,nonfinite,0.5,102,1.01,0.06570842099608853,11.190426091023255,-139515142340608.0,,1280,151040,177920,7.60912978397447e+277,,7.60912978397447e+277,19.87099323952093,1.3655399727918542,14.820493239520932,5.172871724710887,0.024829498268714726,0.1223717247108862,1.01,2.395021500545729e+138,2.418853147224494e+139,,1.2698001776469638e+280,1.2698001776469638e+280,3.3327239102489914e+279,6.50530046445393e+279,7.60912978397447e+277,,14.818054395342013,1.3605345291618898,0.12859170056828115,0.0020943711416017145,candidate,True,0.0006997852192105235,4.273226786213891e-06,True,,,,,,,,
euler_maruyama,2,0.005,no_feedback,1.0,float64,nonfinite,0.9600000000000001,334,1.6600000000000001,0.16961829620413482,18.54331620200537,-5.2169698083459826e+19,,1280,281600,364800,-4.68497567553328e+110,1.2447904940702095e+111,-4.68497567553328e+110,14.181829494216764,0.2447173217726916,9.098829494216764,5.214878085370293,0.03604738022360928,0.13187808537029255,1.6600000000000001,1.1336664256775624e+55,1.4650198882824976e+56,7.155706572478077e+111,5.8107309992940125e+113,5.8107309992940125e+113,7.218183334064398e+112,2.047997110784959e+113,-4.68497567553328e+110,1.2447904940702095e+111,9.097961733947473,0.22985098712116256,0.1493235559896769,0.0024770318345612263,candidate,True,0.0006997852192105235,4.273226786213891e-06,True,,,,,,,,
euler_maruyama,4,0.0025,no_feedback,1.0,float64,nonfinite,2.0175,1306,3.2600000000000002,0.5703462691453751,36.82768495398341,-7.547924849643083e+168,,1280,835840,1111040,-1.868805987107563e+89,1.033103689597257e+90,-1.868805987107563e+89,18.42684105964217,0.3047057119082969,13.263841059642171,5.38944515550421,0.050411316417572336,0.22644515550420952,3.2600000000000002,2.3465490470439965e+44,4.243297803206687e+45,3.963090049317468e+90,3.680805040272651e+92,3.680805040272651e+92,1.758243953479109e+92,2.5439640732515892e+92,-1.868805987107563e+89,1.033103689597257e+90,13.287612870796673,0.2801344267740956,0.22052869703203548,0.0036586544589240657,candidate,True,0.0006997852192105235,4.273226786213891e-06,True,,,,,,,,
euler_maruyama,8,0.00125,no_feedback,1.0,float64,nonfinite,4.4325,5395,6.74,2.1766166659945156,77.59104283197667,-3.4140233896344854e+243,,1280,2752000,3733760,-2.0879902335348538e+64,2.201896281905489e+64,-2.0879902335348538e+64,27.07828100986091,0.4905969671521149,21.74128100986091,5.648620474518944,0.06367532495852901,0.3116204745189446,6.74,2.328499816487514e+31,6.04961998135677e+32,6.108710117383548e+64,9.68975106299082e+66,9.68975106299082e+66,1.707217559365477e+66,4.067248844196557e+66,-2.0879902335348538e+64,2.201896281905489e+64,21.757297612385265,0.46026754985148294,0.32018490389608223,0.005437062735034223,candidate,True,0.0006997852192105235,4.273226786213891e-06,True,,,,,,,,
euler_maruyama,16,0.000625,no_feedback,1.0,float64,nonfinite,10.2225,23758,14.84,9.003954107814934,179.48977755499072,-413559351672832.0,,1280,8945920,13758720,62.754825997718484,11.422070611620855,57.01282599771849,46.22566331715195,0.9250716517816758,40.48366331715195,6.158787782911537,0.07653043926434804,0.41678778291153673,14.84,3.2929946769540934,15.321342428137298,23.179431782493474,5823.89868684718,5823.89868684718,268.5933204484813,205.46737385800424,57.08996370515045,11.414950084379248,40.525091417966316,0.8887015030403266,0.46114849113594497,0.0077594171108431925,candidate,True,0.0006997852192105235,4.273226786213891e-06,True,,,,,,,,
euler_maruyama,32,0.0003125,no_feedback,1.0,float64,ok,,64000,20.0,23.65526483312715,267.5295952470042,2.3120536586830647,1.2839905701077625,0,0,0,30.406084130561318,0.5821460342528402,24.406084130561318,21.00186390236395,0.35280520170688223,15.00186390236395,6.28367300142662,0.08069185776390947,0.28367300142662,20.0,1.7069571715938694,3.6333776466948966,0.021807178173370495,0.265019498957888,0.265019498957888,0.2617856905871221,0.25271726306844816,24.43590766479658,0.5320130285315892,15.048711103354744,0.30152689772482627,0.32765613263295906,0.0055311651758630865,candidate,True,0.0006997852192105235,4.273226786213891e-06,True,,,,,,,,
euler_maruyama,64,0.00015625,no_feedback,1.0,float64,ok,,128000,20.0,44.250993153837044,315.97102983802324,2.4006139791993526,1.5385309075049496,0,0,0,11.645329690461642,0.1717237038987719,5.645329690461642,10.122215322012405,0.14001592015439387,4.122215322012405,6.11584983934853,0.07833009580875146,0.1158498393485301,20.0,0.6505026507041856,1.274863543418198,0.0030237232849910306,0.011686258785210235,0.011663879769186813,0.011686258785210235,0.011502765848248293,5.675153224696896,0.11085944533271529,4.1690625230032206,0.0761053581719671,0.15983297055486984,0.0026866763147479155,candidate,True,0.0006997852192105235,4.273226786213891e-06,True,,,,,,,,
platen,1,0.01,no_feedback,1.0,float64,covariance_failure,14.65,2000,20.0,2.202380181348417,219.7610410169873,-317.33510613510185,-32.75155587835772,0,482560,686080,9.113209013051504,0.1686620633724029,3.113209013051504,7.714753451281813,0.10235770740224315,1.7147534512818128,5.961498025263737,0.07630507716986339,-0.03850197473626338,20.0,2.1189967323020835,3.681705940425804,0.7114218210349069,34.301658225889376,30.55211236402735,34.301658225889376,20.731726977309236,3.1430325472867575,0.1366218163654355,1.7616006522726206,0.05320935182192929,0.005481156470079463,0.0011891996016201924,candidate,True,0.0006997852192105235,4.273226786213891e-06,True,,,,,,,,
platen,2,0.005,no_feedback,1.0,float64,ok,,4000,20.0,3.8766539395437576,223.65402745400206,2.4008716528410847,1.5407851289710461,0,0,0,6.2087904794505775,0.0781306487031639,0.2087904794505775,6.116507358819098,0.07843552906176875,0.11650735881909835,5.9565502611913645,0.07613273296541749,-0.04344973880863545,20.0,0.55495457057819,1.0071199294314388,0.003688107863123339,0.023897380998910478,0.023897380998910478,0.023885427116196567,0.023534427907752613,0.23861401368583077,0.014312639799080231,0.16335455980990507,0.00980503381148968,0.000533392397700479,0.0005225907821801982,candidate,True,0.0006997852192105235,4.273226786213891e-06,True,,,,,,,,
platen,4,0.0025,no_feedback,1.0,float64,ok,,8000,20.0,6.832951960823266,227.91973970699473,2.4008795991465663,1.5407797278405333,0,0,0,5.997975310349889,0.07428551904501404,-0.0020246896501108225,5.9724138337587105,0.0759390521503977,-0.02758616624128951,5.956108106529831,0.07608675214299053,-0.04389189347016931,20.0,0.1396348099991425,0.25184323750390547,0.0009588475518243551,0.005844573301678792,0.005770774750172514,0.005747865491597004,0.005844573301678792,0.02779884458514822,0.0033410066116287304,0.019261034749522343,0.0024644857963666404,9.12377361714007e-05,0.00023764168902914553,candidate,True,0.0006997852192105235,4.273226786213891e-06,True,,,,,,,,
platen,8,0.00125,no_feedback,1.0,float64,ok,,16000,20.0,12.869359711650759,237.2732955760148,2.4008797558929853,1.5407783765223477,0,0,0,5.972805510525051,0.07375182131868697,-0.02719448947494918,5.955035277115999,0.07560081657140241,-0.044964722884000885,5.95599628495063,0.07610807479867347,-0.04400371504936995,20.0,0.03674156643557628,0.0641931779366944,0.0002392209699181928,0.0014539705668778768,0.0014289747781006668,0.0014221152620486066,0.0014539705668778768,0.0026290447603023195,0.0009770947651112855,0.001882478106809699,0.0006935608645025528,-2.0583843030697804e-05,0.00012556077767684616,candidate,True,0.0006997852192105235,4.273226786213891e-06,True,,,,,,,,
platen,16,0.000625,no_feedback,1.0,float64,ok,,32000,20.0,25.610837403102778,254.8082854039967,2.4008796336681235,1.54077803857007,0,0,0,5.97032061498716,0.07372574414485958,-0.029679385012840065,5.953240634179063,0.07558717858059293,-0.04675936582093687,5.955968374952105,0.07611543606486854,-0.04403162504789471,20.0,0.010664372724218435,0.017099489581311696,5.9098976307166624e-05,0.00035911220146474937,0.00035327200960111327,0.00035155878672110674,0.00035911220146474937,0.00014414922241037884,0.00033644170576321646,8.78351698698654e-05,0.00027177153296370667,-4.8493841553739826e-05,5.6427119152692724e-05,candidate,True,0.0006997852192105235,4.273226786213891e-06,True,,,,,,,,
platen,32,0.0003125,no_feedback,1.0,float64,ok,,64000,20.0,47.40632312573143,289.7592953479907,2.4008795920945305,1.5407779540671027,0,0,0,5.970275925180987,0.07370250396000178,-0.02972407481901307,5.953154118121949,0.07559673964925726,-0.04684588187805083,5.956008715263654,0.07611620562108738,-0.043991284736345726,20.0,0.0036828448174556767,0.0050279413331072624,1.4071230826605427e-05,8.548690508781293e-05,8.420258061914154e-05,8.380075119251984e-05,8.548690508781293e-05,9.945941624041767e-05,0.00013051376263300033,1.3191127588997316e-06,0.00012152534169307572,-8.153530009778587e-06,2.969550097005415e-05,candidate,True,0.0006997852192105235,4.273226786213891e-06,True,,,,,,,,
platen,64,0.00015625,no_feedback,1.0,float64,ok,,128000,20.0,89.22953472536756,353.8590580820164,2.40087958042709,1.5407779329395141,0,0,0,5.9703073185695885,0.07370232227443704,-0.029692681430411483,5.95311053394267,0.07558600891884633,-0.0468894660573298,5.9560132463119055,0.07611340987390797,-0.04398675368809446,20.0,0.0014588532178702448,0.0017367520237858349,2.814205308599603e-06,1.7094925316561704e-05,1.685131044482091e-05,1.6771902116019533e-05,1.7094925316561704e-05,0.00013085280484442032,5.628813547422613e-05,-4.226506651965193e-05,5.2246705332314284e-05,-3.6224817597347257e-06,1.3578578969271008e-05,candidate,True,0.0006997852192105235,4.273226786213891e-06,False,,,,,,,,
platen,128,7.8125e-05,modulation_minus,1.0,float64,ok,,256000,20.0,176.40112937957747,493.1922844290093,2.470355030281227,1.4888466187988418,0,0,0,6.044670854097452,0.06895868452967843,,5.943243858859078,0.06682809014738716,,5.923734551844678,0.07466224098459259,,20.0,0.0006538340020232389,0.0007394408692027937,2.516633625387934e-06,1.76488078666992e-05,1.76488078666992e-05,1.5877082833348766e-05,1.674665723446281e-05,2.8050949410078594e-05,2.663981627524297e-05,-1.1327423431652935e-05,2.543758200340375e-05,1.2256993117629646e-05,6.83151343841453e-06,reference_halving_check,,,,,,,,,,,,
platen,256,3.90625e-05,modulation_minus,1.0,float64,ok,,512000,20.0,346.90744261685177,774.734771642019,2.470355025664956,1.4888466978820798,0,0,0,6.04464280314805,0.068958531449892,,5.943255186282512,0.06682907510451948,,5.923722294851555,0.0746619539507557,,,,,,,,,,,,,,,,finer_reference,,,,,,,,,,,,
euler_maruyama,1,0.01,modulation_minus,1.0,float64,nonfinite,0.36000000000000004,89,0.88,0.058532546943752095,9.809513959015021,-2.4948003869184e+291,,1280,157440,198400,1.0933187490121467e+153,,,13.219369357729509,0.9882171552034306,,5.151799314732556,0.02187464844445009,,0.88,2.793222587028756e+76,2.635120918366362e+77,,2.0612890128313187e+156,2.0612890128313187e+156,3.288512032405534e+150,2.603569419270613e+153,1.0933187490121467e+153,,8.173477682636236,0.9865464398118149,0.08575019045135351,0.001409481399551967,candidate,True,0.0006538340020232389,1.76488078666992e-05,True,,,,,,,,
euler_maruyama,2,0.005,modulation_minus,1.0,float64,nonfinite,0.7100000000000001,300,1.49,0.15253410971490666,16.663390005996916,-4.048662947482829e+16,,1280,359680,480000,-2.5717382872099206e+79,4.237290313075713e+79,,10.238603905063304,0.19946323755143744,,5.1736265135871,0.031382284374075066,,1.49,2.24761297240935e+39,2.752752460831556e+40,2.676755613852279e+80,2.047303066831014e+82,2.7742553209744124e+81,2.047303066831014e+82,7.536405925109908e+81,-2.5717382872099206e+79,4.237290313075713e+79,5.165157431247773,0.18911299797409883,0.10616963259657423,0.0017329352204874004,candidate,True,0.0006538340020232389,1.76488078666992e-05,True,,,,,,,,
euler_maruyama,4,0.0025,modulation_minus,1.0,float64,nonfinite,1.51,1128,2.81,0.5022892280831002,31.7136555800098,-1.439652414253823e+163,,1280,966400,1318400,-1.5907638314655097e+22,3.956616010875253e+22,,11.766946556433693,0.1866479640361353,,5.315345201138941,0.04473514630286665,,2.81,47850306631.785355,803543290819.579,1.578406719518908e+23,1.488648824090648e+25,1.488648824090648e+25,4.8021191320208387e+24,8.454980188637952e+24,-1.5907638314655097e+22,3.956616010875253e+22,6.654202226949733,0.1605324912905348,0.15177515707301814,0.0024519812824462255,candidate,True,0.0006538340020232389,1.76488078666992e-05,True,,,,,,,,
euler_maruyama,8,0.00125,modulation_minus,1.0,float64,nonfinite,3.3899999999999997,4619,5.7700000000000005,1.8734954437240958,66.37753494401113,-6.96173189944793e+187,,1280,2976000,4005120,3.846257437393453e+50,4.293066990389378e+50,,15.32664254223193,0.25354924559049574,,5.479122383910118,0.058895493698064856,,5.7700000000000005,3.6896126517492726e+24,8.870430428412206e+25,1.4057204197162579e+51,2.2502036895412425e+53,2.2502036895412425e+53,3.340724126992349e+51,2.7417712808142167e+52,3.846257437393453e+50,4.293066990389378e+50,10.07121611081905,0.22026214997245683,0.22238416313170348,0.0035888587059663534,candidate,True,0.0006538340020232389,1.76488078666992e-05,True,,,,,,,,
euler_maruyama,16,0.000625,modulation_minus,1.0,float64,nonfinite,8.08125,20601,12.870000000000001,7.853004203672754,154.19312897502095,-1.141798154164768e+46,,1280,10044160,15004160,-2352.0061576266116,1410.6587760408997,,23.75968781472358,0.41325811700207427,,5.9195162352285235,0.07200394963941265,,12.870000000000001,4.619791454623228,147.91329932294735,2724.1613102788037,594160.5792956047,109413.87805035955,594160.5792956047,255131.09066686366,-2357.7210154144695,1410.656635237487,18.139689566227723,0.37435440970908057,0.33312734648202846,0.005531506573532426,candidate,True,0.0006538340020232389,1.76488078666992e-05,True,,,,,,,,
euler_maruyama,32,0.0003125,modulation_minus,1.0,float64,ok,,64000,20.0,23.467902557284106,266.0507740920002,1.775620866063003,0.7619711908381235,0,0,0,24.588732594373788,0.3902323310154798,,17.487106140762275,0.2647242954666972,,6.2115967198531195,0.07866989966474246,,20.0,1.4408142160652195,3.0098140236588806,0.06587656273738493,0.7890636739283831,0.7890636739283831,0.7247171601592984,0.7059103921558806,18.54406174027633,0.34564839309592216,11.543862281903193,0.2180350177102604,0.2878621680084464,0.004862845959230374,candidate,True,0.0006538340020232389,1.76488078666992e-05,True,,,,,,,,
euler_maruyama,64,0.00015625,modulation_minus,1.0,float64,ok,,128000,20.0,44.71010922495043,314.37590282500605,2.466791656692886,1.4530551232113649,0,0,0,10.841255873014907,0.1376561352974167,,9.415109282088498,0.11654077185565877,,6.064552814495476,0.07661006750199843,,20.0,0.5677227185797079,1.1026500964255426,0.01064568985861116,0.05098128923865186,0.05098128923865186,0.04588636359431941,0.04715536947973298,4.796585018917437,0.0810427466181456,3.471865423229421,0.05943974882288042,0.14081826265080152,0.0023711217488112204,candidate,True,0.0006538340020232389,1.76488078666992e-05,True,,,,,,,,
platen,1,0.01,modulation_minus,1.0,float64,covariance_failure,13.75,2000,20.0,2.325577810726827,219.0658157620055,-198.27655470538411,-22.886254146344626,0,556800,801280,8.36559064437889,0.12437268532132752,,7.204476823160441,0.0819327511229835,,5.9268286465717015,0.07474127340551832,,20.0,1.8464409980808483,3.278545658039061,0.6472211946089912,24.543630310507226,24.543630310507226,24.312440998791818,16.298012921820206,2.3209197902814322,0.09588323277398973,1.2612329643013558,0.04151362991792599,0.0030940947270263744,0.0010445359535998793,candidate,True,0.0006538340020232389,1.76488078666992e-05,True,,,,,,,,
platen,2,0.005,modulation_minus,1.0,float64,ok,,4000,20.0,3.9692535999347456,222.83490938998875,2.4701940420994886,1.4866309014213441,0,0,0,6.257265062032775,0.07219987806017938,,6.061152220966724,0.06729046619821044,,5.923555595084935,0.07469315456711469,,20.0,0.47142564221379946,0.857705651109752,0.013223829018937048,0.09847241789338224,0.09847241789338224,0.08873567228368806,0.09328891472128376,0.21259420793531617,0.01265880102616021,0.11790836210764026,0.008085746436008756,-0.00017895675973765205,0.000482153554113389,candidate,True,0.0006538340020232389,1.76488078666992e-05,True,,,,,,,,
platen,4,0.0025,modulation_minus,1.0,float64,ok,,8000,20.0,6.887716107128654,227.19189856099547,2.4703482906021663,1.488841753197732,0,0,0,6.068861048897798,0.06938207471400362,,5.9554279790517235,0.06678685882025598,,5.923835590907332,0.0746769429761662,,20.0,0.11890858906179946,0.2142528329884302,0.003431045912802492,0.024167300669213354,0.024167300669213354,0.02170078687685173,0.02289210111833731,0.024190194800338627,0.002940049624066026,0.012184120192644312,0.0020531665877244346,0.00010103906265800839,0.00025026077423656617,candidate,True,0.0006538340020232389,1.76488078666992e-05,True,,,,,,,,
platen,8,0.00125,modulation_minus,1.0,float64,ok,,16000,20.0,12.803742467949633,236.49800857002265,2.4703550516242845,1.488823995282075,0,0,0,6.047789270182873,0.06906180929486398,,5.944296395476025,0.06677375080475646,,5.923891885172584,0.07467126764775504,,20.0,0.031461575979973636,0.05463005881814792,0.0008557211469982646,0.006003701066831013,0.006003701066831013,0.005393200703237788,0.0056926965034373375,0.0031184160854141373,0.0008525160238038107,0.001052536616941742,0.0006099963155065116,0.0001573333279092193,0.00011976861730786374,candidate,True,0.0006538340020232389,1.76488078666992e-05,True,,,,,,,,
platen,16,0.000625,modulation_minus,1.0,float64,ok,,32000,20.0,25.601789965876378,253.6860508690006,2.4703552326283105,1.488839992897209,0,0,0,6.04514172092791,0.068962622550785,,5.943414624303358,0.06682541741989517,,5.923705748270387,0.07466512808387384,,20.0,0.009331817228810624,0.014664474400646934,0.00021140301796772202,0.0014827044474667872,0.0014827044474667872,0.0013324749168948102,0.001406481290338088,0.00047086683045228356,0.0003216310077272225,0.0001707654442757642,0.0002655414448746704,-2.880357428647974e-05,5.4612362728510997e-05,candidate,True,0.0006538340020232389,1.76488078666992e-05,True,,,,,,,,
platen,32,0.0003125,modulation_minus,1.0,float64,ok,,64000,20.0,47.27660200127866,288.492346811021,2.4703551028919652,1.4888450143133503,0,0,0,6.0447413243735175,0.06896050942954032,,5.943362037397299,0.0668341523639155,,5.923723350976787,0.07466443163801849,,20.0,0.0033727865382362308,0.004481750699472876,5.033436804655534e-05,0.00035300303650664944,0.00035300303650664944,0.0003174147111923986,0.00033491542364629326,7.047027605952029e-05,0.00013640714436297837,0.00011817853821434875,0.0001226304876639224,-1.1200867889924537e-05,2.820706357934754e-05,candidate,True,0.0006538340020232389,1.76488078666992e-05,True,,,,,,,,
platen,64,0.00015625,modulation_minus,1.0,float64,ok,,128000,20.0,92.00395085453056,358.3792479359836,2.470355047213157,1.488846299770991,0,0,0,6.044604094623746,0.06895884826064695,,5.943288149342835,0.0668312118667457,,5.923738525471656,0.07466228880970349,,20.0,0.0013638240822105602,0.0016018319730711351,1.0066746446422256e-05,7.059782057883268e-05,7.059782057883268e-05,6.349876156974688e-05,6.698581149369373e-05,-6.675947371473315e-05,5.424708912231696e-05,4.429048375799011e-05,4.921979859890752e-05,3.97362698278995e-06,1.3111354074199822e-05,candidate,True,0.0006538340020232389,1.76488078666992e-05,False,,,,,,,,
platen,128,7.8125e-05,modulation_plus,1.0,float64,ok,,256000,20.0,174.2904899198329,491.41650367798866,2.3448338532659534,1.455328080389701,0,0,0,5.916826101493142,0.07295590912193221,,6.206107667104518,0.07433980888090833,,6.044562455038816,0.0719846197855549,,20.0,0.0007406938146249719,0.0008430060577686858,2.676039130464465e-06,1.952222743017984e-05,1.7774011450200078e-05,1.952222743017984e-05,1.8607270477297155e-05,9.355870290681784e-05,2.960513558225413e-05,-2.719746810186586e-05,2.689429642939613e-05,1.2052302044950712e-05,7.1084739525716415e-06,reference_halving_check,,,,,,,,,,,,
platen,256,3.90625e-05,modulation_plus,1.0,float64,ok,,512000,20.0,344.9691286717716,771.6138353949937,2.3448338509364817,1.455328077379957,0,0,0,5.916732542790236,0.07295284446149332,,6.206134864572617,0.07433801347685463,,6.044550402736768,0.07198458026436302,,,,,,,,,,,,,,,,finer_reference,,,,,,,,,,,,
euler_maruyama,1,0.01,modulation_plus,1.0,float64,nonfinite,0.31,77,0.76,0.048816102964337915,8.480418421007926,-688805967298560.0,,1280,143360,172800,-3.19376433404002e+278,,,13.986799564204894,1.3519205235792382,,5.1574452804247315,0.021820782026305226,,0.76,7.452251174312033e+138,6.539323866048921e+139,,9.39570265483699e+280,9.39570265483699e+280,4.071877199494115e+280,6.18531708269326e+280,-3.19376433404002e+278,,8.927668332616888,1.346745585791769,0.08811888821136307,0.0015542818059970363,candidate,True,0.0007406938146249719,1.952222743017984e-05,True,,,,,,,,
euler_maruyama,2,0.005,modulation_plus,1.0,float64,nonfinite,0.6,247,1.23,0.12503661596565507,13.691732606996084,-747862723919872.0,,1280,285440,381440,-1.0521583888101651e+275,,,10.525900910551709,0.18994793661990428,,5.17495147333036,0.029176310432588136,,1.23,1.7803871419256755e+137,1.9825552161709143e+138,,6.773198674470579e+277,6.773198674470579e+277,5.228808558790959e+277,5.951114114135549e+277,-1.0521583888101651e+275,,5.420406057540724,0.1768487285167829,0.10206958324073692,0.0017312751046124402,candidate,True,0.0007406938146249719,1.952222743017984e-05,True,,,,,,,,
euler_maruyama,4,0.0025,modulation_plus,1.0,float64,nonfinite,1.26,941,2.35,0.41317527793580666,26.573959556990303,-79494727598080.0,,1280,815360,1104640,-1.7042006884644104e+260,,,11.835628532368295,0.18476146384593142,,5.292868446795864,0.04510098772808577,,2.35,3.696752749907422e+129,5.679059333174596e+130,,8.459949135227584e+262,8.459949135227584e+262,1.5564054753805442e+262,3.628651423808729e+262,-1.7042006884644104e+260,,6.628355218845542,0.1620441175538141,0.14923071138418667,0.002564397535045481,candidate,True,0.0007406938146249719,1.952222743017984e-05,True,,,,,,,,
euler_maruyama,8,0.00125,modulation_plus,1.0,float64,nonfinite,2.8025,3810,4.76,1.514631007652497,54.824064893997274,-1.109067877648326e+130,,1280,2469120,3298560,-6.020651033585577e+139,9.952900906403763e+139,,15.599503887885387,0.2629036020262766,,5.478989960484695,0.05866819811261074,,4.76,1.844610589438506e+69,4.02869033821285e+70,3.1005236054728417e+140,3.895963462838873e+142,3.895963462838873e+142,1.0935533101957086e+142,2.0640842379101158e+142,-6.020651033585577e+139,9.952900906403763e+139,10.287617180761854,0.2291831044447116,0.21820432345233237,0.003771003584732564,candidate,True,0.0007406938146249719,1.952222743017984e-05,True,,,,,,,,
euler_maruyama,16,0.000625,modulation_plus,1.0,float64,nonfinite,6.5975,16879,10.540000000000001,6.243416992860148,126.18077291498776,-3.402823669209385e+38,,1280,8563200,12499200,19.57045316342859,22.358910150820815,,23.952492578057008,0.4280537667627146,,5.871613131852371,0.07038448418641469,,10.540000000000001,2.1711237805207024,20.582847070488008,59.015509375595336,9147.768795920412,3300.9692279469978,9147.768795920412,5571.365262684025,14.154726847266318,22.34952749665383,18.280089258041773,0.3848069656787847,0.3262109189211549,0.005611801289499959,candidate,True,0.0007406938146249719,1.952222743017984e-05,True,,,,,,,,
euler_maruyama,32,0.0003125,modulation_plus,1.0,float64,covariance_failure,17.488125,64000,20.0,23.22271626139991,265.5702121099748,-1.7620485161216382,-0.5937784724687136,0,1871360,10289920,37.07192769787722,0.7235673770575456,,25.988451092313777,0.43505033864703857,,6.413894780055864,0.07689812235305983,,20.0,1.9936614141240045,4.311184452810763,0.12846722093592172,2.172863254417387,1.9495687953932155,2.172863254417387,1.7837247856792031,31.155101596384057,0.6793886958100023,19.782343425209273,0.3853906111012276,0.36933232501704993,0.006230850292906086,candidate,True,0.0007406938146249719,1.952222743017984e-05,True,,,,,,,,
euler_maruyama,64,0.00015625,modulation_plus,1.0,float64,ok,,128000,20.0,43.499739649065305,312.6434081180196,2.3398093869993466,1.4124196374485112,0,0,0,12.428393185885364,0.18005099075856967,,11.260215916460938,0.15042610674126766,,6.224251706742018,0.07434733391778355,,20.0,0.734486967088179,1.4477559718994142,0.01146929244459126,0.0525924717732269,0.04762756005837776,0.0525924717732269,0.049464218605579334,6.5115670843922135,0.12233932098805393,5.0541082493564184,0.08859997195025586,0.17968925170320643,0.0030122883971022605,candidate,True,0.0007406938146249719,1.952222743017984e-05,True,,,,,,,,
platen,1,0.01,modulation_plus,1.0,float64,nonfinite,8.49,1302,13.01,1.4222123531217221,142.2484061139985,-7.555786372591432e+22,-2.2916392547954797e+263,1280,446720,578560,-9.260337566072872e+261,,,7.1156718654573945,0.08611271854186159,,5.695892455228219,0.06752372929927823,,13.01,2.2430243825564605e+129,8.093558062883786e+130,,2.2916392547954797e+263,1.5255987219372286e+263,2.2916392547954797e+263,1.8697919451792402e+263,-9.260337566072872e+261,,1.2952990611134263,0.039656290801761494,0.004663611481729441,0.0010799640603722182,candidate,True,0.0007406938146249719,1.952222743017984e-05,True,,,,,,,,
platen,2,0.005,modulation_plus,1.0,float64,ok,,4000,20.0,3.8318558969185688,221.4553679820092,2.3446624904507654,1.4542860338476604,0,0,0,6.202902487128287,0.07580499831642573,,6.446310056798,0.07752001355456374,,6.045051976357122,0.07202905867528675,,20.0,0.639534257864456,1.1577645468278703,0.01379658240649327,0.1097987924340984,0.09986946685378761,0.1097987924340984,0.10449609525547374,0.2860763856351444,0.015938063229337048,0.24020238969348473,0.01254709320710574,0.0004895213183098879,0.0005754554479742437,candidate,True,0.0007406938146249719,1.952222743017984e-05,True,,,,,,,,
platen,4,0.0025,modulation_plus,1.0,float64,ok,,8000,20.0,6.853010876628105,227.49615524400724,2.3448270233747874,1.4553321467838147,0,0,0,5.953425381097269,0.07321342781564785,,6.238701063499978,0.07465534238805917,,6.044630185150783,0.07200152385329012,,20.0,0.16037077892580268,0.28965403557215275,0.003643732477810143,0.0267677314235506,0.024287794927457362,0.0267677314235506,0.02547172041464064,0.03659927960413018,0.003662972972951623,0.03259339639546296,0.0029900375113822305,6.773011196961411e-05,0.0002765986554234752,candidate,True,0.0007406938146249719,1.952222743017984e-05,True,,,,,,,,
platen,8,0.00125,modulation_plus,1.0,float64,ok,,16000,20.0,12.401316391886212,235.67862021000474,2.344833440985378,1.4553290988203353,0,0,0,5.922040632041471,0.07294527513090043,,6.2104599485098415,0.07439100709975993,,6.044497419332011,0.07199934520425748,,20.0,0.04175458221603622,0.07338771760807968,0.0009099253915274546,0.0066373019131980016,0.006036314688332212,0.0066373019131980016,0.006323059535624179,0.005214530548330646,0.001073016646906519,0.0043522814053303755,0.0008628264551361764,-6.503570680541597e-05,0.000134883065499937,candidate,True,0.0007406938146249719,1.952222743017984e-05,True,,,,,,,,
platen,16,0.000625,modulation_plus,1.0,float64,ok,,32000,20.0,24.637688977934886,252.71537597099086,2.344833901708778,1.455328332634675,0,0,0,5.917876898164834,0.07291890948944779,,6.20675635032621,0.0743428090123569,,6.044488660083406,0.07199163142835033,,20.0,0.011866142708423743,0.019284945322427992,0.00022479203972472638,0.0016392740095119152,0.0014919048561017334,0.0016392740095119152,0.0015620848746544722,0.001050796671692509,0.00035762945625659716,0.0006486832216956668,0.0002962885242553442,-7.379495540678649e-05,6.364714666293835e-05,candidate,True,0.0007406938146249719,1.952222743017984e-05,True,,,,,,,,
platen,32,0.0003125,modulation_plus,1.0,float64,ok,,64000,20.0,46.8558630112675,288.1992969849962,2.3448338840547036,1.4553281405245084,0,0,0,5.916909820834966,0.07295280219288026,,6.206164325071191,0.07433660573051974,,6.044536353326401,0.07198641098202946,,20.0,0.004041690208952949,0.005622539155563548,5.3522448346805395e-05,0.0003903729522924948,0.00035536538313341026,0.0003903729522924948,0.000372035799530851,8.371934182420797e-05,0.00015590263899593096,5.6657966676811924e-05,0.0001402328989742441,-2.6101712409516948e-05,2.8491765064992155e-05,candidate,True,0.0007406938146249719,1.952222743017984e-05,True,,,,,,,,
platen,64,0.00015625,modulation_plus,1.0,float64,ok,,128000,20.0,89.58452984027099,357.61637973197503,2.3448338613497155,1.4553280924240644,0,0,0,5.916883306440642,0.07295708909307153,,6.206118650217616,0.07433915889016939,,6.0445531978984794,0.07198490088723696,,20.0,0.0015525959053306665,0.0018566267532313361,1.0704383569638912e-05,7.808347356963452e-05,7.108765149421714e-05,7.808347356963452e-05,7.442086732167841e-05,5.7204947499827034e-05,5.8438697018871235e-05,1.0983113107359651e-05,6.027479279638433e-05,-9.257140337150024e-06,1.3024456385880731e-05,candidate,True,0.0007406938146249719,1.952222743017984e-05,False,,,,,,,,
platen,128,7.8125e-05,seeded_policy,1.0,float64,ok,,256000,20.0,276.2068539347092,602.5455049939919,2.2681923668395356,0.7040465915422652,0,0,0,7.336175878262172,0.10934685383516954,,6.880339197657133,0.10170809880765347,,6.020550330186537,0.07848134904118277,,20.0,0.0007558396065237363,0.0009288934652227959,4.701889780432675e-05,0.0005468956235152866,0.0005454033745877496,0.0005468956235152866,0.00046126777954536013,-1.5463015873463376e-05,4.565891793062919e-05,-2.074399778948571e-05,3.997111098662858e-05,8.24614416221737e-06,7.40678646429566e-06,reference_halving_check,,,,,,,,,,,,
platen,256,3.90625e-05,seeded_policy,1.0,float64,ok,,512000,20.0,551.9272227730253,991.5537284720049,2.2681990463165436,0.7040837937683057,0,0,0,7.336191341278052,0.10934831967398441,,6.880359941654937,0.10170304168763775,,6.020542084042375,0.07848095136979819,,,,,,,,,,,,,,,,finer_reference,,,,,,,,,,,,
euler_maruyama,1,0.01,seeded_policy,1.0,float64,nonfinite,0.4,90,0.89,0.12473293510265648,10.26602815001388,-1.0076418516839318e+264,,12,99422,131760,-5.304506361775619e+278,,,12.610670865410228,0.3022698303091583,,5.153517262330611,0.02236402791057363,,0.89,2.58804621396442e+138,2.4552362177709115e+139,,3.400222949286513e+283,3.400222949286513e+283,2.7255278100753344e+282,9.626734757297908e+282,-5.304506361775619e+278,,7.567978587624382,0.2967805704676929,0.10270731479450693,0.0017113099956330017,candidate,True,0.0007558396065237363,0.0005468956235152866,True,ok,0.1,0.031983733002562076,0.04816716999630444,0.08015090299886651,True,3720781824,
euler_maruyama,2,0.005,seeded_policy,1.0,float64,nonfinite,0.745,296,1.47,0.28902248782105744,17.153321204998065,-3.885337784451458e+84,,1,184464,256763,-6.138307767973243e+92,6.138307767973246e+92,,11.284547256893244,0.16461563192918896,,5.1783179990520285,0.03145456352381536,,1.47,2.1091349695954558e+45,2.5658734328793826e+46,1.2780196829844206e+94,3.1983024496218512e+97,3.1983024496218512e+97,9.012476248248906e+96,1.6977816367817513e+97,-6.138307767973243e+92,6.138307767973246e+92,6.182172491391523,0.14865770929038344,0.1205687413562026,0.002022906880294404,candidate,True,0.0007558396065237363,0.0005468956235152866,True,ok,0.1,0.04214221198344603,0.04332292499020696,0.08546513697365299,True,3720781824,
euler_maruyama,4,0.0025,seeded_policy,1.0,float64,nonfinite,1.44,1044,2.6,0.8083807527727913,30.54629672097508,-5.065326622169181e+176,,1,328960,510430,1.4336737169789322e+23,1.4336737169789398e+23,,11.984202295334097,0.1670432809024578,,5.308489856197993,0.04667963573817857,,2.6,21422004645.810863,346083076550.67755,2.1114863983460225e+23,6.1566982614492876e+26,6.1566982614492876e+26,3.134276999804524e+26,4.392812055574082e+26,1.4336737169789322e+23,1.4336737169789398e+23,6.818086043560144,0.14059441330904332,0.1540523713949372,0.0026686750976184855,candidate,True,0.0007558396065237363,0.0005468956235152866,True,ok,0.1,0.08042892799130641,0.08354512302321382,0.16397405101452023,True,3720781824,
euler_maruyama,8,0.00125,seeded_policy,1.0,float64,nonfinite,2.8775,4006,5.0,2.6555690412642434,60.44493346399395,-4.309103330548428e+214,,1,779627,1343386,-17315852.799852826,17315872.82795302,,14.339516372134621,0.21441255697817463,,5.456136733166827,0.058612851270533534,,5.0,119.26066609179868,2669.265201010089,127696072.85342558,650193134617.411,66690330984.61973,650193134617.411,208234473181.12582,-17315858.17938381,17315872.82453523,9.073810304169546,0.181209265309733,0.2044536167308523,0.003514204794876599,candidate,True,0.0007558396065237363,0.0005468956235152866,True,ok,0.1,0.15409588802140206,0.1576046510017477,0.31170053902314976,True,3720781824,
euler_maruyama,16,0.000625,seeded_policy,1.0,float64,nonfinite,5.685625,15669,9.790000000000001,9.560677056229906,125.87111234999611,-6.835158514946912e+97,,1,2063312,4237245,11465602256844.982,11465602256819.201,,17.710565124737403,0.2857250274792945,,5.775464913458382,0.0698704190272759,,9.790000000000001,125825.911362648,3938974.0756546278,37809634193217.99,2.6144687643211123e+17,2.6144687643211123e+17,4.082954858762135e+16,1.0331872020290776e+17,11465602256839.133,11465602256819.201,12.0587845161558,0.24096953172621507,0.25662156273595543,0.0046308648860841715,candidate,True,0.0007558396065237363,0.0005468956235152866,True,ok,0.1,0.30476976599311456,0.3163178109971341,0.6210875769902486,True,3720781824,
euler_maruyama,32,0.0003125,seeded_policy,1.0,float64,nonfinite,11.469062500000001,63225,19.75,36.718438643350964,284.5774379420036,-6.690223559559187e+43,,1,5486997,15735915,37.662552497067004,0.8482270062776137,,24.12427005375942,0.46351169587148916,,6.316475837583256,0.08242584964989198,,19.75,1.839472780825781,4.020540216211378,0.41505476126050883,2766.2086431994794,2766.2086431994794,1111.5720662343756,1770.6452111372541,30.370192292580082,0.7740405547687159,17.271461888942742,0.39278959780128553,0.30826575500161657,0.005735892307121965,candidate,True,0.0007558396065237363,0.0005468956235152866,True,ok,0.1,0.6089963839913253,0.6374158879916649,1.2464122719829902,True,3720781824,
euler_maruyama,64,0.00015625,seeded_policy,1.0,float64,ok,,128000,20.0,70.28154550059116,349.4043109799968,1.5095596402429141,0.5231866773855943,0,0,0,14.772459759035398,0.26260734804394736,,11.902298168345716,0.1941994273473804,,6.173487268179118,0.0804151434509498,,20.0,0.717598480041036,1.4510302757361082,0.0415218612391397,0.7116161397962202,0.7116161397962202,0.6952508804722493,0.6767343298469679,7.4362838807732174,0.1702514887446456,5.021958970688573,0.1073403398165523,0.1529369379925784,0.0027856953047513456,candidate,True,0.0007558396065237363,0.0005468956235152866,True,ok,0.1,1.1959819270123262,1.2909078049997333,2.4868897320120595,True,3720781824,
platen,1,0.01,seeded_policy,1.0,float64,nonfinite,7.47,1264,12.63,2.58692398716812,144.4780161200033,-4.113761393303015e+62,,1,88850,193171,-9.181955418022776e+142,9.181955418022778e+142,,6.966267820955647,0.09088245782419091,,5.671729204316979,0.07098971859117645,,12.63,1.1175595065567384e+69,3.9732344668782267e+70,2.520474257723352e+143,1.7202071860865306e+147,6.909939147018502e+146,1.7202071860865306e+147,1.0902535015363105e+147,-9.181955418022776e+142,9.181955418022778e+142,1.0052639283342684,0.03526693615145951,0.0013409038151263209,0.0016024888597489725,candidate,True,0.0007558396065237363,0.0005468956235152866,True,ok,0.1,0.04306510102469474,0.04487588201300241,0.08794098303769715,True,3720781824,
platen,2,0.005,seeded_policy,1.0,float64,ok,,4000,20.0,6.501143315777881,233.23407073601265,2.2568207425067417,0.6860351472673937,0,0,0,7.662026205881293,0.11550335104560237,,7.095141069893074,0.104686981144004,,6.021210031591152,0.07846706939344666,,20.0,0.6242999756256459,1.1816993616860134,0.04878608213004032,0.5922189643595466,0.5922189643595466,0.5851182154345302,0.5534852496032432,0.3258503276191196,0.01972735170762643,0.2148018722359315,0.01459246228481912,0.000659701404617847,0.0010091164562163854,candidate,True,0.0007558396065237363,0.0005468956235152866,True,ok,0.1,0.07718231301987544,0.08404072199482471,0.16122303501470014,True,3720781824,
platen,4,0.0025,seeded_policy,1.0,float64,ok,,8000,20.0,10.864508298865985,238.14894578701933,2.2671570073708294,0.699694170795987,0,0,0,7.374886797170705,0.11013302463957718,,6.906245119606054,0.10199663596594098,,6.020821839871219,0.07844023355678985,,20.0,0.15689853675011994,0.2957493153308521,0.013175657223378726,0.1966997912741264,0.1966997912741264,0.1891805894994858,0.18772890129709677,0.03871091890852354,0.004574581813419532,0.02590592194891217,0.0038204610370594343,0.0002715096846839059,0.00034260176139486203,candidate,True,0.0007558396065237363,0.0005468956235152866,True,ok,0.1,0.1467811029870063,0.1676217749773059,0.3144028779643122,True,3720781824,
platen,8,0.00125,seeded_policy,1.0,float64,ok,,16000,20.0,19.913732269022148,250.82374467200134,2.268105932197726,0.7032294268977216,0,0,0,7.339303802497355,0.10937058673577667,,6.882913146075967,0.10171099206313097,,6.020600201880189,0.07847554894592375,,20.0,0.04116973692331524,0.07542709510093949,0.003392939098239564,0.04814828812088057,0.04786094102744576,0.04814828812088057,0.04708052849055392,0.003127924235179345,0.0013759011292264515,0.002573948418826732,0.0011045531939506228,4.9871693649571895e-05,0.0001453139363819325,candidate,True,0.0007558396065237363,0.0005468956235152866,True,ok,0.1,0.28338608899503015,0.32646305701928213,0.6098491460143123,True,3720781824,
platen,16,0.000625,seeded_policy,1.0,float64,ok,,32000,20.0,38.87944857025286,275.01503456401406,2.2681581589525344,0.7037256150719414,0,0,0,7.336364207110471,0.10935346814539584,,6.880279791375776,0.10168455362316524,,6.020518129879667,0.07848256329098967,,20.0,0.011811506187794689,0.020042049682047782,0.0009182712964623321,0.012177104613886991,0.01202439856040094,0.012177104613886991,0.011712323059091631,0.00018832884829627944,0.00048167994307067303,-5.940628136380053e-05,0.0003958680659748391,-3.2200306868347e-05,6.041645721359848e-05,candidate,True,0.0007558396065237363,0.0005468956235152866,True,ok,0.1,0.5547452419996262,0.6617851270129904,1.2165303690126166,True,3720781824,
platen,32,0.0003125,seeded_policy,1.0,float64,ok,,64000,20.0,72.63135499480995,312.24264046698227,2.268029422642602,0.7036041863079453,0,0,0,7.336263604464946,0.10933343869559281,,6.880437525902771,0.10170878734154175,,6.020560513781578,0.07848278745904663,,20.0,0.004015771693250322,0.005873348443087694,0.0002819744275915798,0.0034352903992376227,0.003317641937720772,0.0034352903992376227,0.0032856825688120372,8.772620277339234e-05,0.00020841884804224595,9.832824563308168e-05,0.0001756056504093592,1.0183595037669917e-05,3.281958033512658e-05,candidate,True,0.0007558396065237363,0.0005468956235152866,True,ok,0.1,1.0783248139778152,1.346593810012564,2.4249186239903793,True,3694071808,
platen,64,0.00015625,seeded_policy,1.0,float64,ok,,128000,20.0,139.08198136341525,403.9067106889852,2.2680871663553464,0.7038465432835543,0,0,0,7.336206276369961,0.10934397077930179,,6.88030640307368,0.10170958748550019,,6.020554474454139,0.07848040598833596,,20.0,0.0015771366311318315,0.0020221616484422367,0.00010206076077183516,0.0015232455625993069,0.0014851076924178308,0.0015232455625993069,0.0013887021271089817,3.039810778810679e-05,9.460050950210928e-05,-3.2794583460977664e-05,7.385802759087839e-05,4.1442676000163525e-06,1.4706882316964624e-05,candidate,True,0.0007558396065237363,0.0005468956235152866,False,ok,0.1,2.1209626569761895,2.7295718420064077,4.850534498982597,True,3892523008,
